corpus,year,frame,frame_label,outlet_clean,level,pct,n_present,n_applicable
climate,2014,conflict,Conflict,,all_outlets,77.7778,21,27
climate,2015,conflict,Conflict,,all_outlets,69.0476,29,42
climate,2016,conflict,Conflict,,all_outlets,76.9231,20,26
climate,2017,conflict,Conflict,,all_outlets,76.5957,36,47
climate,2018,conflict,Conflict,,all_outlets,82.7586,48,58
climate,2019,conflict,Conflict,,all_outlets,76.0,76,100
climate,2020,conflict,Conflict,,all_outlets,68.2243,73,107
climate,2021,conflict,Conflict,,all_outlets,68.0851,160,235
climate,2022,conflict,Conflict,,all_outlets,70.5882,144,204
climate,2023,conflict,Conflict,,all_outlets,71.7489,160,223
climate,2014,human_interest,Human Interest,,all_outlets,14.8148,4,27
climate,2015,human_interest,Human Interest,,all_outlets,16.6667,7,42
climate,2016,human_interest,Human Interest,,all_outlets,15.3846,4,26
climate,2017,human_interest,Human Interest,,all_outlets,31.9149,15,47
climate,2018,human_interest,Human Interest,,all_outlets,29.3103,17,58
climate,2019,human_interest,Human Interest,,all_outlets,41.0,41,100
climate,2020,human_interest,Human Interest,,all_outlets,33.6449,36,107
climate,2021,human_interest,Human Interest,,all_outlets,34.4681,81,235
climate,2022,human_interest,Human Interest,,all_outlets,36.7647,75,204
climate,2023,human_interest,Human Interest,,all_outlets,40.8072,91,223
climate,2014,economic,Economic,,all_outlets,77.7778,21,27
climate,2015,economic,Economic,,all_outlets,69.0476,29,42
climate,2016,economic,Economic,,all_outlets,53.8462,14,26
climate,2017,economic,Economic,,all_outlets,61.7021,29,47
climate,2018,economic,Economic,,all_outlets,74.1379,43,58
climate,2019,economic,Economic,,all_outlets,59.0,59,100
climate,2020,economic,Economic,,all_outlets,59.8131,64,107
climate,2021,economic,Economic,,all_outlets,62.1277,146,235
climate,2022,economic,Economic,,all_outlets,61.7647,126,204
climate,2023,economic,Economic,,all_outlets,57.3991,128,223
climate,2014,deservingness,Deservingness,,all_outlets,11.1111,3,27
climate,2015,deservingness,Deservingness,,all_outlets,14.2857,6,42
climate,2016,deservingness,Deservingness,,all_outlets,3.8462,1,26
climate,2017,deservingness,Deservingness,,all_outlets,2.1277,1,47
climate,2018,deservingness,Deservingness,,all_outlets,17.2414,10,58
climate,2019,deservingness,Deservingness,,all_outlets,12.0,12,100
climate,2020,deservingness,Deservingness,,all_outlets,7.4766,8,107
climate,2021,deservingness,Deservingness,,all_outlets,7.234,17,235
climate,2022,deservingness,Deservingness,,all_outlets,16.1765,33,204
climate,2023,deservingness,Deservingness,,all_outlets,14.3498,32,223
climate,2014,responsibility,Responsibility,,all_outlets,81.4815,22,27
climate,2015,responsibility,Responsibility,,all_outlets,92.8571,39,42
climate,2016,responsibility,Responsibility,,all_outlets,84.6154,22,26
climate,2017,responsibility,Responsibility,,all_outlets,82.9787,39,47
climate,2018,responsibility,Responsibility,,all_outlets,84.4828,49,58
climate,2019,responsibility,Responsibility,,all_outlets,91.0,91,100
climate,2020,responsibility,Responsibility,,all_outlets,91.5888,98,107
climate,2021,responsibility,Responsibility,,all_outlets,89.3617,210,235
climate,2022,responsibility,Responsibility,,all_outlets,89.2157,182,204
climate,2023,responsibility,Responsibility,,all_outlets,91.0314,203,223
climate,2014,scientific,Scientific,,all_outlets,66.6667,18,27
climate,2015,scientific,Scientific,,all_outlets,61.9048,26,42
climate,2016,scientific,Scientific,,all_outlets,50.0,13,26
climate,2017,scientific,Scientific,,all_outlets,70.2128,33,47
climate,2018,scientific,Scientific,,all_outlets,72.4138,42,58
climate,2019,scientific,Scientific,,all_outlets,55.0,55,100
climate,2020,scientific,Scientific,,all_outlets,53.271,57,107
climate,2021,scientific,Scientific,,all_outlets,44.2553,104,235
climate,2022,scientific,Scientific,,all_outlets,49.0196,100,204
climate,2023,scientific,Scientific,,all_outlets,53.3632,119,223
climate,2014,crisis,Crisis,,all_outlets,40.7407,11,27
climate,2015,crisis,Crisis,,all_outlets,45.2381,19,42
climate,2016,crisis,Crisis,,all_outlets,53.8462,14,26
climate,2017,crisis,Crisis,,all_outlets,53.1915,25,47
climate,2018,crisis,Crisis,,all_outlets,58.6207,34,58
climate,2019,crisis,Crisis,,all_outlets,60.0,60,100
climate,2020,crisis,Crisis,,all_outlets,64.486,69,107
climate,2021,crisis,Crisis,,all_outlets,62.1277,146,235
climate,2022,crisis,Crisis,,all_outlets,65.1961,133,204
climate,2023,crisis,Crisis,,all_outlets,64.574,144,223
climate,2014,solutions,Solutions,,all_outlets,66.6667,18,27
climate,2015,solutions,Solutions,,all_outlets,85.7143,36,42
climate,2016,solutions,Solutions,,all_outlets,73.0769,19,26
climate,2017,solutions,Solutions,,all_outlets,65.9574,31,47
climate,2018,solutions,Solutions,,all_outlets,82.7586,48,58
climate,2019,solutions,Solutions,,all_outlets,75.0,75,100
climate,2020,solutions,Solutions,,all_outlets,81.3084,87,107
climate,2021,solutions,Solutions,,all_outlets,82.9787,195,235
climate,2022,solutions,Solutions,,all_outlets,78.4314,160,204
climate,2023,solutions,Solutions,,all_outlets,81.6143,182,223
climate,2014,victim,Victim,,all_outlets,25.9259,7,27
climate,2015,victim,Victim,,all_outlets,30.9524,13,42
climate,2016,victim,Victim,,all_outlets,19.2308,5,26
climate,2017,victim,Victim,,all_outlets,25.5319,12,47
climate,2018,victim,Victim,,all_outlets,31.0345,18,58
climate,2019,victim,Victim,,all_outlets,25.0,25,100
climate,2020,victim,Victim,,all_outlets,19.6262,21,107
climate,2021,victim,Victim,,all_outlets,25.1064,59,235
climate,2022,victim,Victim,,all_outlets,29.4118,60,204
climate,2023,victim,Victim,,all_outlets,33.6323,75,223
climate,2014,skepticism,Skepticism,,all_outlets,29.6296,8,27
climate,2015,skepticism,Skepticism,,all_outlets,30.9524,13,42
climate,2016,skepticism,Skepticism,,all_outlets,23.0769,6,26
climate,2017,skepticism,Skepticism,,all_outlets,36.1702,17,47
climate,2018,skepticism,Skepticism,,all_outlets,29.3103,17,58
climate,2019,skepticism,Skepticism,,all_outlets,28.0,28,100
climate,2020,skepticism,Skepticism,,all_outlets,18.6916,20,107
climate,2021,skepticism,Skepticism,,all_outlets,23.8298,56,235
climate,2022,skepticism,Skepticism,,all_outlets,15.6863,32,204
climate,2023,skepticism,Skepticism,,all_outlets,18.8341,42,223
climate,2014,securitization,Securitization,,all_outlets,40.7407,11,27
climate,2015,securitization,Securitization,,all_outlets,52.381,22,42
climate,2016,securitization,Securitization,,all_outlets,50.0,13,26
climate,2017,securitization,Securitization,,all_outlets,48.9362,23,47
climate,2018,securitization,Securitization,,all_outlets,56.8966,33,58
climate,2019,securitization,Securitization,,all_outlets,47.0,47,100
climate,2020,securitization,Securitization,,all_outlets,45.7944,49,107
climate,2021,securitization,Securitization,,all_outlets,49.7872,117,235
climate,2022,securitization,Securitization,,all_outlets,44.6078,91,204
climate,2023,securitization,Securitization,,all_outlets,43.9462,98,223
climate,2014,othering,Othering,,all_outlets,14.8148,4,27
climate,2015,othering,Othering,,all_outlets,11.9048,5,42
climate,2016,othering,Othering,,all_outlets,3.8462,1,26
climate,2017,othering,Othering,,all_outlets,4.2553,2,47
climate,2018,othering,Othering,,all_outlets,6.8966,4,58
climate,2019,othering,Othering,,all_outlets,13.0,13,100
climate,2020,othering,Othering,,all_outlets,1.8692,2,107
climate,2021,othering,Othering,,all_outlets,9.7872,23,235
climate,2022,othering,Othering,,all_outlets,13.2353,27,204
climate,2023,othering,Othering,,all_outlets,13.0045,29,223
climate,2014,agency,Agency,,all_outlets,100.0,27,27
climate,2015,agency,Agency,,all_outlets,97.619,41,42
climate,2016,agency,Agency,,all_outlets,92.3077,24,26
climate,2017,agency,Agency,,all_outlets,100.0,47,47
climate,2018,agency,Agency,,all_outlets,98.2759,57,58
climate,2019,agency,Agency,,all_outlets,98.0,98,100
climate,2020,agency,Agency,,all_outlets,100.0,107,107
climate,2021,agency,Agency,,all_outlets,99.1489,233,235
climate,2022,agency,Agency,,all_outlets,96.5686,197,204
climate,2023,agency,Agency,,all_outlets,98.6547,220,223
climate,2014,conflict,Conflict,AD,by_outlet,50.0,1,2
climate,2015,conflict,Conflict,AD,by_outlet,50.0,2,4
climate,2016,conflict,Conflict,AD,by_outlet,50.0,1,2
climate,2017,conflict,Conflict,AD,by_outlet,50.0,2,4
climate,2018,conflict,Conflict,AD,by_outlet,83.3333,5,6
climate,2019,conflict,Conflict,AD,by_outlet,60.6061,20,33
climate,2020,conflict,Conflict,AD,by_outlet,54.8387,17,31
climate,2021,conflict,Conflict,AD,by_outlet,59.4203,41,69
climate,2022,conflict,Conflict,AD,by_outlet,57.8947,33,57
climate,2023,conflict,Conflict,AD,by_outlet,54.2857,38,70
climate,2014,human_interest,Human Interest,AD,by_outlet,0.0,0,2
climate,2015,human_interest,Human Interest,AD,by_outlet,25.0,1,4
climate,2016,human_interest,Human Interest,AD,by_outlet,0.0,0,2
climate,2017,human_interest,Human Interest,AD,by_outlet,50.0,2,4
climate,2018,human_interest,Human Interest,AD,by_outlet,0.0,0,6
climate,2019,human_interest,Human Interest,AD,by_outlet,42.4242,14,33
climate,2020,human_interest,Human Interest,AD,by_outlet,38.7097,12,31
climate,2021,human_interest,Human Interest,AD,by_outlet,52.1739,36,69
climate,2022,human_interest,Human Interest,AD,by_outlet,47.3684,27,57
climate,2023,human_interest,Human Interest,AD,by_outlet,51.4286,36,70
climate,2014,economic,Economic,AD,by_outlet,100.0,2,2
climate,2015,economic,Economic,AD,by_outlet,50.0,2,4
climate,2016,economic,Economic,AD,by_outlet,100.0,2,2
climate,2017,economic,Economic,AD,by_outlet,75.0,3,4
climate,2018,economic,Economic,AD,by_outlet,83.3333,5,6
climate,2019,economic,Economic,AD,by_outlet,54.5455,18,33
climate,2020,economic,Economic,AD,by_outlet,54.8387,17,31
climate,2021,economic,Economic,AD,by_outlet,47.8261,33,69
climate,2022,economic,Economic,AD,by_outlet,49.1228,28,57
climate,2023,economic,Economic,AD,by_outlet,45.7143,32,70
climate,2014,deservingness,Deservingness,AD,by_outlet,50.0,1,2
climate,2015,deservingness,Deservingness,AD,by_outlet,0.0,0,4
climate,2016,deservingness,Deservingness,AD,by_outlet,0.0,0,2
climate,2017,deservingness,Deservingness,AD,by_outlet,0.0,0,4
climate,2018,deservingness,Deservingness,AD,by_outlet,0.0,0,6
climate,2019,deservingness,Deservingness,AD,by_outlet,12.1212,4,33
climate,2020,deservingness,Deservingness,AD,by_outlet,3.2258,1,31
climate,2021,deservingness,Deservingness,AD,by_outlet,5.7971,4,69
climate,2022,deservingness,Deservingness,AD,by_outlet,10.5263,6,57
climate,2023,deservingness,Deservingness,AD,by_outlet,11.4286,8,70
climate,2014,responsibility,Responsibility,AD,by_outlet,100.0,2,2
climate,2015,responsibility,Responsibility,AD,by_outlet,75.0,3,4
climate,2016,responsibility,Responsibility,AD,by_outlet,100.0,2,2
climate,2017,responsibility,Responsibility,AD,by_outlet,100.0,4,4
climate,2018,responsibility,Responsibility,AD,by_outlet,100.0,6,6
climate,2019,responsibility,Responsibility,AD,by_outlet,90.9091,30,33
climate,2020,responsibility,Responsibility,AD,by_outlet,93.5484,29,31
climate,2021,responsibility,Responsibility,AD,by_outlet,88.4058,61,69
climate,2022,responsibility,Responsibility,AD,by_outlet,89.4737,51,57
climate,2023,responsibility,Responsibility,AD,by_outlet,91.4286,64,70
climate,2014,scientific,Scientific,AD,by_outlet,50.0,1,2
climate,2015,scientific,Scientific,AD,by_outlet,50.0,2,4
climate,2016,scientific,Scientific,AD,by_outlet,50.0,1,2
climate,2017,scientific,Scientific,AD,by_outlet,75.0,3,4
climate,2018,scientific,Scientific,AD,by_outlet,66.6667,4,6
climate,2019,scientific,Scientific,AD,by_outlet,48.4848,16,33
climate,2020,scientific,Scientific,AD,by_outlet,38.7097,12,31
climate,2021,scientific,Scientific,AD,by_outlet,31.8841,22,69
climate,2022,scientific,Scientific,AD,by_outlet,38.5965,22,57
climate,2023,scientific,Scientific,AD,by_outlet,45.7143,32,70
climate,2014,crisis,Crisis,AD,by_outlet,0.0,0,2
climate,2015,crisis,Crisis,AD,by_outlet,75.0,3,4
climate,2016,crisis,Crisis,AD,by_outlet,50.0,1,2
climate,2017,crisis,Crisis,AD,by_outlet,0.0,0,4
climate,2018,crisis,Crisis,AD,by_outlet,66.6667,4,6
climate,2019,crisis,Crisis,AD,by_outlet,51.5152,17,33
climate,2020,crisis,Crisis,AD,by_outlet,61.2903,19,31
climate,2021,crisis,Crisis,AD,by_outlet,60.8696,42,69
climate,2022,crisis,Crisis,AD,by_outlet,57.8947,33,57
climate,2023,crisis,Crisis,AD,by_outlet,54.2857,38,70
climate,2014,solutions,Solutions,AD,by_outlet,50.0,1,2
climate,2015,solutions,Solutions,AD,by_outlet,50.0,2,4
climate,2016,solutions,Solutions,AD,by_outlet,50.0,1,2
climate,2017,solutions,Solutions,AD,by_outlet,75.0,3,4
climate,2018,solutions,Solutions,AD,by_outlet,100.0,6,6
climate,2019,solutions,Solutions,AD,by_outlet,81.8182,27,33
climate,2020,solutions,Solutions,AD,by_outlet,80.6452,25,31
climate,2021,solutions,Solutions,AD,by_outlet,85.5072,59,69
climate,2022,solutions,Solutions,AD,by_outlet,78.9474,45,57
climate,2023,solutions,Solutions,AD,by_outlet,90.0,63,70
climate,2014,victim,Victim,AD,by_outlet,50.0,1,2
climate,2015,victim,Victim,AD,by_outlet,50.0,2,4
climate,2016,victim,Victim,AD,by_outlet,0.0,0,2
climate,2017,victim,Victim,AD,by_outlet,25.0,1,4
climate,2018,victim,Victim,AD,by_outlet,16.6667,1,6
climate,2019,victim,Victim,AD,by_outlet,24.2424,8,33
climate,2020,victim,Victim,AD,by_outlet,29.0323,9,31
climate,2021,victim,Victim,AD,by_outlet,17.3913,12,69
climate,2022,victim,Victim,AD,by_outlet,29.8246,17,57
climate,2023,victim,Victim,AD,by_outlet,31.4286,22,70
climate,2014,skepticism,Skepticism,AD,by_outlet,50.0,1,2
climate,2015,skepticism,Skepticism,AD,by_outlet,25.0,1,4
climate,2016,skepticism,Skepticism,AD,by_outlet,0.0,0,2
climate,2017,skepticism,Skepticism,AD,by_outlet,50.0,2,4
climate,2018,skepticism,Skepticism,AD,by_outlet,33.3333,2,6
climate,2019,skepticism,Skepticism,AD,by_outlet,18.1818,6,33
climate,2020,skepticism,Skepticism,AD,by_outlet,16.129,5,31
climate,2021,skepticism,Skepticism,AD,by_outlet,8.6957,6,69
climate,2022,skepticism,Skepticism,AD,by_outlet,8.7719,5,57
climate,2023,skepticism,Skepticism,AD,by_outlet,12.8571,9,70
climate,2014,securitization,Securitization,AD,by_outlet,0.0,0,2
climate,2015,securitization,Securitization,AD,by_outlet,50.0,2,4
climate,2016,securitization,Securitization,AD,by_outlet,50.0,1,2
climate,2017,securitization,Securitization,AD,by_outlet,50.0,2,4
climate,2018,securitization,Securitization,AD,by_outlet,50.0,3,6
climate,2019,securitization,Securitization,AD,by_outlet,27.2727,9,33
climate,2020,securitization,Securitization,AD,by_outlet,45.1613,14,31
climate,2021,securitization,Securitization,AD,by_outlet,46.3768,32,69
climate,2022,securitization,Securitization,AD,by_outlet,31.5789,18,57
climate,2023,securitization,Securitization,AD,by_outlet,37.1429,26,70
climate,2014,othering,Othering,AD,by_outlet,0.0,0,2
climate,2015,othering,Othering,AD,by_outlet,0.0,0,4
climate,2016,othering,Othering,AD,by_outlet,0.0,0,2
climate,2017,othering,Othering,AD,by_outlet,0.0,0,4
climate,2018,othering,Othering,AD,by_outlet,0.0,0,6
climate,2019,othering,Othering,AD,by_outlet,6.0606,2,33
climate,2020,othering,Othering,AD,by_outlet,0.0,0,31
climate,2021,othering,Othering,AD,by_outlet,5.7971,4,69
climate,2022,othering,Othering,AD,by_outlet,5.2632,3,57
climate,2023,othering,Othering,AD,by_outlet,7.1429,5,70
climate,2014,agency,Agency,AD,by_outlet,100.0,2,2
climate,2015,agency,Agency,AD,by_outlet,100.0,4,4
climate,2016,agency,Agency,AD,by_outlet,100.0,2,2
climate,2017,agency,Agency,AD,by_outlet,100.0,4,4
climate,2018,agency,Agency,AD,by_outlet,100.0,6,6
climate,2019,agency,Agency,AD,by_outlet,100.0,33,33
climate,2020,agency,Agency,AD,by_outlet,100.0,31,31
climate,2021,agency,Agency,AD,by_outlet,100.0,69,69
climate,2022,agency,Agency,AD,by_outlet,100.0,57,57
climate,2023,agency,Agency,AD,by_outlet,100.0,70,70
climate,2014,conflict,Conflict,FD,by_outlet,100.0,5,5
climate,2015,conflict,Conflict,FD,by_outlet,55.5556,5,9
climate,2016,conflict,Conflict,FD,by_outlet,100.0,5,5
climate,2017,conflict,Conflict,FD,by_outlet,88.8889,8,9
climate,2018,conflict,Conflict,FD,by_outlet,81.8182,9,11
climate,2019,conflict,Conflict,FD,by_outlet,85.7143,12,14
climate,2020,conflict,Conflict,FD,by_outlet,72.7273,8,11
climate,2021,conflict,Conflict,FD,by_outlet,83.871,26,31
climate,2022,conflict,Conflict,FD,by_outlet,87.5,21,24
climate,2023,conflict,Conflict,FD,by_outlet,90.0,18,20
climate,2014,human_interest,Human Interest,FD,by_outlet,0.0,0,5
climate,2015,human_interest,Human Interest,FD,by_outlet,11.1111,1,9
climate,2016,human_interest,Human Interest,FD,by_outlet,0.0,0,5
climate,2017,human_interest,Human Interest,FD,by_outlet,0.0,0,9
climate,2018,human_interest,Human Interest,FD,by_outlet,0.0,0,11
climate,2019,human_interest,Human Interest,FD,by_outlet,28.5714,4,14
climate,2020,human_interest,Human Interest,FD,by_outlet,27.2727,3,11
climate,2021,human_interest,Human Interest,FD,by_outlet,6.4516,2,31
climate,2022,human_interest,Human Interest,FD,by_outlet,16.6667,4,24
climate,2023,human_interest,Human Interest,FD,by_outlet,25.0,5,20
climate,2014,economic,Economic,FD,by_outlet,100.0,5,5
climate,2015,economic,Economic,FD,by_outlet,100.0,9,9
climate,2016,economic,Economic,FD,by_outlet,80.0,4,5
climate,2017,economic,Economic,FD,by_outlet,77.7778,7,9
climate,2018,economic,Economic,FD,by_outlet,81.8182,9,11
climate,2019,economic,Economic,FD,by_outlet,85.7143,12,14
climate,2020,economic,Economic,FD,by_outlet,90.9091,10,11
climate,2021,economic,Economic,FD,by_outlet,80.6452,25,31
climate,2022,economic,Economic,FD,by_outlet,83.3333,20,24
climate,2023,economic,Economic,FD,by_outlet,90.0,18,20
climate,2014,deservingness,Deservingness,FD,by_outlet,0.0,0,5
climate,2015,deservingness,Deservingness,FD,by_outlet,11.1111,1,9
climate,2016,deservingness,Deservingness,FD,by_outlet,0.0,0,5
climate,2017,deservingness,Deservingness,FD,by_outlet,0.0,0,9
climate,2018,deservingness,Deservingness,FD,by_outlet,18.1818,2,11
climate,2019,deservingness,Deservingness,FD,by_outlet,0.0,0,14
climate,2020,deservingness,Deservingness,FD,by_outlet,0.0,0,11
climate,2021,deservingness,Deservingness,FD,by_outlet,6.4516,2,31
climate,2022,deservingness,Deservingness,FD,by_outlet,8.3333,2,24
climate,2023,deservingness,Deservingness,FD,by_outlet,5.0,1,20
climate,2014,responsibility,Responsibility,FD,by_outlet,100.0,5,5
climate,2015,responsibility,Responsibility,FD,by_outlet,100.0,9,9
climate,2016,responsibility,Responsibility,FD,by_outlet,100.0,5,5
climate,2017,responsibility,Responsibility,FD,by_outlet,66.6667,6,9
climate,2018,responsibility,Responsibility,FD,by_outlet,90.9091,10,11
climate,2019,responsibility,Responsibility,FD,by_outlet,100.0,14,14
climate,2020,responsibility,Responsibility,FD,by_outlet,100.0,11,11
climate,2021,responsibility,Responsibility,FD,by_outlet,93.5484,29,31
climate,2022,responsibility,Responsibility,FD,by_outlet,83.3333,20,24
climate,2023,responsibility,Responsibility,FD,by_outlet,85.0,17,20
climate,2014,scientific,Scientific,FD,by_outlet,40.0,2,5
climate,2015,scientific,Scientific,FD,by_outlet,44.4444,4,9
climate,2016,scientific,Scientific,FD,by_outlet,40.0,2,5
climate,2017,scientific,Scientific,FD,by_outlet,33.3333,3,9
climate,2018,scientific,Scientific,FD,by_outlet,72.7273,8,11
climate,2019,scientific,Scientific,FD,by_outlet,71.4286,10,14
climate,2020,scientific,Scientific,FD,by_outlet,36.3636,4,11
climate,2021,scientific,Scientific,FD,by_outlet,38.7097,12,31
climate,2022,scientific,Scientific,FD,by_outlet,29.1667,7,24
climate,2023,scientific,Scientific,FD,by_outlet,55.0,11,20
climate,2014,crisis,Crisis,FD,by_outlet,40.0,2,5
climate,2015,crisis,Crisis,FD,by_outlet,33.3333,3,9
climate,2016,crisis,Crisis,FD,by_outlet,20.0,1,5
climate,2017,crisis,Crisis,FD,by_outlet,33.3333,3,9
climate,2018,crisis,Crisis,FD,by_outlet,45.4545,5,11
climate,2019,crisis,Crisis,FD,by_outlet,71.4286,10,14
climate,2020,crisis,Crisis,FD,by_outlet,63.6364,7,11
climate,2021,crisis,Crisis,FD,by_outlet,54.8387,17,31
climate,2022,crisis,Crisis,FD,by_outlet,66.6667,16,24
climate,2023,crisis,Crisis,FD,by_outlet,60.0,12,20
climate,2014,solutions,Solutions,FD,by_outlet,100.0,5,5
climate,2015,solutions,Solutions,FD,by_outlet,100.0,9,9
climate,2016,solutions,Solutions,FD,by_outlet,80.0,4,5
climate,2017,solutions,Solutions,FD,by_outlet,88.8889,8,9
climate,2018,solutions,Solutions,FD,by_outlet,90.9091,10,11
climate,2019,solutions,Solutions,FD,by_outlet,85.7143,12,14
climate,2020,solutions,Solutions,FD,by_outlet,81.8182,9,11
climate,2021,solutions,Solutions,FD,by_outlet,90.3226,28,31
climate,2022,solutions,Solutions,FD,by_outlet,87.5,21,24
climate,2023,solutions,Solutions,FD,by_outlet,75.0,15,20
climate,2014,victim,Victim,FD,by_outlet,0.0,0,5
climate,2015,victim,Victim,FD,by_outlet,22.2222,2,9
climate,2016,victim,Victim,FD,by_outlet,0.0,0,5
climate,2017,victim,Victim,FD,by_outlet,11.1111,1,9
climate,2018,victim,Victim,FD,by_outlet,9.0909,1,11
climate,2019,victim,Victim,FD,by_outlet,28.5714,4,14
climate,2020,victim,Victim,FD,by_outlet,0.0,0,11
climate,2021,victim,Victim,FD,by_outlet,25.8065,8,31
climate,2022,victim,Victim,FD,by_outlet,8.3333,2,24
climate,2023,victim,Victim,FD,by_outlet,30.0,6,20
climate,2014,skepticism,Skepticism,FD,by_outlet,20.0,1,5
climate,2015,skepticism,Skepticism,FD,by_outlet,0.0,0,9
climate,2016,skepticism,Skepticism,FD,by_outlet,60.0,3,5
climate,2017,skepticism,Skepticism,FD,by_outlet,44.4444,4,9
climate,2018,skepticism,Skepticism,FD,by_outlet,18.1818,2,11
climate,2019,skepticism,Skepticism,FD,by_outlet,28.5714,4,14
climate,2020,skepticism,Skepticism,FD,by_outlet,27.2727,3,11
climate,2021,skepticism,Skepticism,FD,by_outlet,35.4839,11,31
climate,2022,skepticism,Skepticism,FD,by_outlet,37.5,9,24
climate,2023,skepticism,Skepticism,FD,by_outlet,30.0,6,20
climate,2014,securitization,Securitization,FD,by_outlet,20.0,1,5
climate,2015,securitization,Securitization,FD,by_outlet,33.3333,3,9
climate,2016,securitization,Securitization,FD,by_outlet,20.0,1,5
climate,2017,securitization,Securitization,FD,by_outlet,33.3333,3,9
climate,2018,securitization,Securitization,FD,by_outlet,54.5455,6,11
climate,2019,securitization,Securitization,FD,by_outlet,64.2857,9,14
climate,2020,securitization,Securitization,FD,by_outlet,45.4545,5,11
climate,2021,securitization,Securitization,FD,by_outlet,41.9355,13,31
climate,2022,securitization,Securitization,FD,by_outlet,37.5,9,24
climate,2023,securitization,Securitization,FD,by_outlet,45.0,9,20
climate,2014,othering,Othering,FD,by_outlet,0.0,0,5
climate,2015,othering,Othering,FD,by_outlet,11.1111,1,9
climate,2016,othering,Othering,FD,by_outlet,0.0,0,5
climate,2017,othering,Othering,FD,by_outlet,0.0,0,9
climate,2018,othering,Othering,FD,by_outlet,18.1818,2,11
climate,2019,othering,Othering,FD,by_outlet,14.2857,2,14
climate,2020,othering,Othering,FD,by_outlet,0.0,0,11
climate,2021,othering,Othering,FD,by_outlet,6.4516,2,31
climate,2022,othering,Othering,FD,by_outlet,4.1667,1,24
climate,2023,othering,Othering,FD,by_outlet,20.0,4,20
climate,2014,agency,Agency,FD,by_outlet,100.0,5,5
climate,2015,agency,Agency,FD,by_outlet,100.0,9,9
climate,2016,agency,Agency,FD,by_outlet,100.0,5,5
climate,2017,agency,Agency,FD,by_outlet,100.0,9,9
climate,2018,agency,Agency,FD,by_outlet,100.0,11,11
climate,2019,agency,Agency,FD,by_outlet,100.0,14,14
climate,2020,agency,Agency,FD,by_outlet,100.0,11,11
climate,2021,agency,Agency,FD,by_outlet,100.0,31,31
climate,2022,agency,Agency,FD,by_outlet,91.6667,22,24
climate,2023,agency,Agency,FD,by_outlet,95.0,19,20
climate,2014,conflict,Conflict,NRC,by_outlet,0.0,0,1
climate,2015,conflict,Conflict,NRC,by_outlet,100.0,1,1
climate,2017,conflict,Conflict,NRC,by_outlet,100.0,1,1
climate,2020,conflict,Conflict,NRC,by_outlet,64.2857,9,14
climate,2021,conflict,Conflict,NRC,by_outlet,65.7143,23,35
climate,2022,conflict,Conflict,NRC,by_outlet,77.7778,21,27
climate,2023,conflict,Conflict,NRC,by_outlet,75.0,30,40
climate,2014,human_interest,Human Interest,NRC,by_outlet,100.0,1,1
climate,2015,human_interest,Human Interest,NRC,by_outlet,0.0,0,1
climate,2017,human_interest,Human Interest,NRC,by_outlet,0.0,0,1
climate,2020,human_interest,Human Interest,NRC,by_outlet,35.7143,5,14
climate,2021,human_interest,Human Interest,NRC,by_outlet,31.4286,11,35
climate,2022,human_interest,Human Interest,NRC,by_outlet,37.037,10,27
climate,2023,human_interest,Human Interest,NRC,by_outlet,37.5,15,40
climate,2014,economic,Economic,NRC,by_outlet,100.0,1,1
climate,2015,economic,Economic,NRC,by_outlet,0.0,0,1
climate,2017,economic,Economic,NRC,by_outlet,100.0,1,1
climate,2020,economic,Economic,NRC,by_outlet,64.2857,9,14
climate,2021,economic,Economic,NRC,by_outlet,60.0,21,35
climate,2022,economic,Economic,NRC,by_outlet,62.963,17,27
climate,2023,economic,Economic,NRC,by_outlet,62.5,25,40
climate,2014,deservingness,Deservingness,NRC,by_outlet,0.0,0,1
climate,2015,deservingness,Deservingness,NRC,by_outlet,0.0,0,1
climate,2017,deservingness,Deservingness,NRC,by_outlet,0.0,0,1
climate,2020,deservingness,Deservingness,NRC,by_outlet,21.4286,3,14
climate,2021,deservingness,Deservingness,NRC,by_outlet,5.7143,2,35
climate,2022,deservingness,Deservingness,NRC,by_outlet,22.2222,6,27
climate,2023,deservingness,Deservingness,NRC,by_outlet,12.5,5,40
climate,2014,responsibility,Responsibility,NRC,by_outlet,100.0,1,1
climate,2015,responsibility,Responsibility,NRC,by_outlet,100.0,1,1
climate,2017,responsibility,Responsibility,NRC,by_outlet,100.0,1,1
climate,2020,responsibility,Responsibility,NRC,by_outlet,92.8571,13,14
climate,2021,responsibility,Responsibility,NRC,by_outlet,82.8571,29,35
climate,2022,responsibility,Responsibility,NRC,by_outlet,88.8889,24,27
climate,2023,responsibility,Responsibility,NRC,by_outlet,95.0,38,40
climate,2014,scientific,Scientific,NRC,by_outlet,100.0,1,1
climate,2015,scientific,Scientific,NRC,by_outlet,100.0,1,1
climate,2017,scientific,Scientific,NRC,by_outlet,0.0,0,1
climate,2020,scientific,Scientific,NRC,by_outlet,50.0,7,14
climate,2021,scientific,Scientific,NRC,by_outlet,51.4286,18,35
climate,2022,scientific,Scientific,NRC,by_outlet,51.8519,14,27
climate,2023,scientific,Scientific,NRC,by_outlet,72.5,29,40
climate,2014,crisis,Crisis,NRC,by_outlet,0.0,0,1
climate,2015,crisis,Crisis,NRC,by_outlet,100.0,1,1
climate,2017,crisis,Crisis,NRC,by_outlet,100.0,1,1
climate,2020,crisis,Crisis,NRC,by_outlet,64.2857,9,14
climate,2021,crisis,Crisis,NRC,by_outlet,62.8571,22,35
climate,2022,crisis,Crisis,NRC,by_outlet,55.5556,15,27
climate,2023,crisis,Crisis,NRC,by_outlet,67.5,27,40
climate,2014,solutions,Solutions,NRC,by_outlet,100.0,1,1
climate,2015,solutions,Solutions,NRC,by_outlet,100.0,1,1
climate,2017,solutions,Solutions,NRC,by_outlet,100.0,1,1
climate,2020,solutions,Solutions,NRC,by_outlet,92.8571,13,14
climate,2021,solutions,Solutions,NRC,by_outlet,85.7143,30,35
climate,2022,solutions,Solutions,NRC,by_outlet,96.2963,26,27
climate,2023,solutions,Solutions,NRC,by_outlet,77.5,31,40
climate,2014,victim,Victim,NRC,by_outlet,100.0,1,1
climate,2015,victim,Victim,NRC,by_outlet,100.0,1,1
climate,2017,victim,Victim,NRC,by_outlet,0.0,0,1
climate,2020,victim,Victim,NRC,by_outlet,0.0,0,14
climate,2021,victim,Victim,NRC,by_outlet,28.5714,10,35
climate,2022,victim,Victim,NRC,by_outlet,25.9259,7,27
climate,2023,victim,Victim,NRC,by_outlet,32.5,13,40
climate,2014,skepticism,Skepticism,NRC,by_outlet,0.0,0,1
climate,2015,skepticism,Skepticism,NRC,by_outlet,0.0,0,1
climate,2017,skepticism,Skepticism,NRC,by_outlet,0.0,0,1
climate,2020,skepticism,Skepticism,NRC,by_outlet,21.4286,3,14
climate,2021,skepticism,Skepticism,NRC,by_outlet,20.0,7,35
climate,2022,skepticism,Skepticism,NRC,by_outlet,14.8148,4,27
climate,2023,skepticism,Skepticism,NRC,by_outlet,17.5,7,40
climate,2014,securitization,Securitization,NRC,by_outlet,0.0,0,1
climate,2015,securitization,Securitization,NRC,by_outlet,100.0,1,1
climate,2017,securitization,Securitization,NRC,by_outlet,0.0,0,1
climate,2020,securitization,Securitization,NRC,by_outlet,50.0,7,14
climate,2021,securitization,Securitization,NRC,by_outlet,48.5714,17,35
climate,2022,securitization,Securitization,NRC,by_outlet,44.4444,12,27
climate,2023,securitization,Securitization,NRC,by_outlet,42.5,17,40
climate,2014,othering,Othering,NRC,by_outlet,0.0,0,1
climate,2015,othering,Othering,NRC,by_outlet,0.0,0,1
climate,2017,othering,Othering,NRC,by_outlet,0.0,0,1
climate,2020,othering,Othering,NRC,by_outlet,7.1429,1,14
climate,2021,othering,Othering,NRC,by_outlet,17.1429,6,35
climate,2022,othering,Othering,NRC,by_outlet,29.6296,8,27
climate,2023,othering,Othering,NRC,by_outlet,7.5,3,40
climate,2014,agency,Agency,NRC,by_outlet,100.0,1,1
climate,2015,agency,Agency,NRC,by_outlet,100.0,1,1
climate,2017,agency,Agency,NRC,by_outlet,100.0,1,1
climate,2020,agency,Agency,NRC,by_outlet,100.0,14,14
climate,2021,agency,Agency,NRC,by_outlet,100.0,35,35
climate,2022,agency,Agency,NRC,by_outlet,96.2963,26,27
climate,2023,agency,Agency,NRC,by_outlet,95.0,38,40
climate,2017,conflict,Conflict,Telegraaf,by_outlet,0.0,0,2
climate,2018,conflict,Conflict,Telegraaf,by_outlet,75.0,3,4
climate,2019,conflict,Conflict,Telegraaf,by_outlet,71.4286,5,7
climate,2020,conflict,Conflict,Telegraaf,by_outlet,75.0,6,8
climate,2021,conflict,Conflict,Telegraaf,by_outlet,66.6667,14,21
climate,2022,conflict,Conflict,Telegraaf,by_outlet,66.6667,12,18
climate,2023,conflict,Conflict,Telegraaf,by_outlet,62.5,10,16
climate,2017,human_interest,Human Interest,Telegraaf,by_outlet,100.0,2,2
climate,2018,human_interest,Human Interest,Telegraaf,by_outlet,25.0,1,4
climate,2019,human_interest,Human Interest,Telegraaf,by_outlet,14.2857,1,7
climate,2020,human_interest,Human Interest,Telegraaf,by_outlet,25.0,2,8
climate,2021,human_interest,Human Interest,Telegraaf,by_outlet,19.0476,4,21
climate,2022,human_interest,Human Interest,Telegraaf,by_outlet,27.7778,5,18
climate,2023,human_interest,Human Interest,Telegraaf,by_outlet,18.75,3,16
climate,2017,economic,Economic,Telegraaf,by_outlet,50.0,1,2
climate,2018,economic,Economic,Telegraaf,by_outlet,100.0,4,4
climate,2019,economic,Economic,Telegraaf,by_outlet,85.7143,6,7
climate,2020,economic,Economic,Telegraaf,by_outlet,25.0,2,8
climate,2021,economic,Economic,Telegraaf,by_outlet,85.7143,18,21
climate,2022,economic,Economic,Telegraaf,by_outlet,72.2222,13,18
climate,2023,economic,Economic,Telegraaf,by_outlet,62.5,10,16
climate,2017,deservingness,Deservingness,Telegraaf,by_outlet,0.0,0,2
climate,2018,deservingness,Deservingness,Telegraaf,by_outlet,0.0,0,4
climate,2019,deservingness,Deservingness,Telegraaf,by_outlet,0.0,0,7
climate,2020,deservingness,Deservingness,Telegraaf,by_outlet,0.0,0,8
climate,2021,deservingness,Deservingness,Telegraaf,by_outlet,4.7619,1,21
climate,2022,deservingness,Deservingness,Telegraaf,by_outlet,16.6667,3,18
climate,2023,deservingness,Deservingness,Telegraaf,by_outlet,12.5,2,16
climate,2017,responsibility,Responsibility,Telegraaf,by_outlet,50.0,1,2
climate,2018,responsibility,Responsibility,Telegraaf,by_outlet,100.0,4,4
climate,2019,responsibility,Responsibility,Telegraaf,by_outlet,100.0,7,7
climate,2020,responsibility,Responsibility,Telegraaf,by_outlet,75.0,6,8
climate,2021,responsibility,Responsibility,Telegraaf,by_outlet,100.0,21,21
climate,2022,responsibility,Responsibility,Telegraaf,by_outlet,88.8889,16,18
climate,2023,responsibility,Responsibility,Telegraaf,by_outlet,75.0,12,16
climate,2017,scientific,Scientific,Telegraaf,by_outlet,100.0,2,2
climate,2018,scientific,Scientific,Telegraaf,by_outlet,75.0,3,4
climate,2019,scientific,Scientific,Telegraaf,by_outlet,28.5714,2,7
climate,2020,scientific,Scientific,Telegraaf,by_outlet,50.0,4,8
climate,2021,scientific,Scientific,Telegraaf,by_outlet,61.9048,13,21
climate,2022,scientific,Scientific,Telegraaf,by_outlet,61.1111,11,18
climate,2023,scientific,Scientific,Telegraaf,by_outlet,37.5,6,16
climate,2017,crisis,Crisis,Telegraaf,by_outlet,100.0,2,2
climate,2018,crisis,Crisis,Telegraaf,by_outlet,0.0,0,4
climate,2019,crisis,Crisis,Telegraaf,by_outlet,28.5714,2,7
climate,2020,crisis,Crisis,Telegraaf,by_outlet,50.0,4,8
climate,2021,crisis,Crisis,Telegraaf,by_outlet,66.6667,14,21
climate,2022,crisis,Crisis,Telegraaf,by_outlet,83.3333,15,18
climate,2023,crisis,Crisis,Telegraaf,by_outlet,50.0,8,16
climate,2017,solutions,Solutions,Telegraaf,by_outlet,0.0,0,2
climate,2018,solutions,Solutions,Telegraaf,by_outlet,75.0,3,4
climate,2019,solutions,Solutions,Telegraaf,by_outlet,71.4286,5,7
climate,2020,solutions,Solutions,Telegraaf,by_outlet,62.5,5,8
climate,2021,solutions,Solutions,Telegraaf,by_outlet,71.4286,15,21
climate,2022,solutions,Solutions,Telegraaf,by_outlet,61.1111,11,18
climate,2023,solutions,Solutions,Telegraaf,by_outlet,81.25,13,16
climate,2017,victim,Victim,Telegraaf,by_outlet,100.0,2,2
climate,2018,victim,Victim,Telegraaf,by_outlet,25.0,1,4
climate,2019,victim,Victim,Telegraaf,by_outlet,0.0,0,7
climate,2020,victim,Victim,Telegraaf,by_outlet,25.0,2,8
climate,2021,victim,Victim,Telegraaf,by_outlet,23.8095,5,21
climate,2022,victim,Victim,Telegraaf,by_outlet,33.3333,6,18
climate,2023,victim,Victim,Telegraaf,by_outlet,37.5,6,16
climate,2017,skepticism,Skepticism,Telegraaf,by_outlet,0.0,0,2
climate,2018,skepticism,Skepticism,Telegraaf,by_outlet,75.0,3,4
climate,2019,skepticism,Skepticism,Telegraaf,by_outlet,42.8571,3,7
climate,2020,skepticism,Skepticism,Telegraaf,by_outlet,25.0,2,8
climate,2021,skepticism,Skepticism,Telegraaf,by_outlet,47.619,10,21
climate,2022,skepticism,Skepticism,Telegraaf,by_outlet,27.7778,5,18
climate,2023,skepticism,Skepticism,Telegraaf,by_outlet,37.5,6,16
climate,2017,securitization,Securitization,Telegraaf,by_outlet,50.0,1,2
climate,2018,securitization,Securitization,Telegraaf,by_outlet,25.0,1,4
climate,2019,securitization,Securitization,Telegraaf,by_outlet,42.8571,3,7
climate,2020,securitization,Securitization,Telegraaf,by_outlet,37.5,3,8
climate,2021,securitization,Securitization,Telegraaf,by_outlet,52.381,11,21
climate,2022,securitization,Securitization,Telegraaf,by_outlet,55.5556,10,18
climate,2023,securitization,Securitization,Telegraaf,by_outlet,31.25,5,16
climate,2017,othering,Othering,Telegraaf,by_outlet,0.0,0,2
climate,2018,othering,Othering,Telegraaf,by_outlet,0.0,0,4
climate,2019,othering,Othering,Telegraaf,by_outlet,14.2857,1,7
climate,2020,othering,Othering,Telegraaf,by_outlet,0.0,0,8
climate,2021,othering,Othering,Telegraaf,by_outlet,19.0476,4,21
climate,2022,othering,Othering,Telegraaf,by_outlet,11.1111,2,18
climate,2023,othering,Othering,Telegraaf,by_outlet,31.25,5,16
climate,2017,agency,Agency,Telegraaf,by_outlet,100.0,2,2
climate,2018,agency,Agency,Telegraaf,by_outlet,100.0,4,4
climate,2019,agency,Agency,Telegraaf,by_outlet,100.0,7,7
climate,2020,agency,Agency,Telegraaf,by_outlet,100.0,8,8
climate,2021,agency,Agency,Telegraaf,by_outlet,100.0,21,21
climate,2022,agency,Agency,Telegraaf,by_outlet,88.8889,16,18
climate,2023,agency,Agency,Telegraaf,by_outlet,100.0,16,16
climate,2014,conflict,Conflict,Trouw,by_outlet,66.6667,6,9
climate,2015,conflict,Conflict,Trouw,by_outlet,77.7778,14,18
climate,2016,conflict,Conflict,Trouw,by_outlet,70.0,7,10
climate,2017,conflict,Conflict,Trouw,by_outlet,88.8889,16,18
climate,2018,conflict,Conflict,Trouw,by_outlet,86.3636,19,22
climate,2019,conflict,Conflict,Trouw,by_outlet,80.7692,21,26
climate,2020,conflict,Conflict,Trouw,by_outlet,76.0,19,25
climate,2021,conflict,Conflict,Trouw,by_outlet,80.0,32,40
climate,2022,conflict,Conflict,Trouw,by_outlet,75.0,36,48
climate,2023,conflict,Conflict,Trouw,by_outlet,88.0952,37,42
climate,2014,human_interest,Human Interest,Trouw,by_outlet,22.2222,2,9
climate,2015,human_interest,Human Interest,Trouw,by_outlet,16.6667,3,18
climate,2016,human_interest,Human Interest,Trouw,by_outlet,20.0,2,10
climate,2017,human_interest,Human Interest,Trouw,by_outlet,33.3333,6,18
climate,2018,human_interest,Human Interest,Trouw,by_outlet,36.3636,8,22
climate,2019,human_interest,Human Interest,Trouw,by_outlet,50.0,13,26
climate,2020,human_interest,Human Interest,Trouw,by_outlet,32.0,8,25
climate,2021,human_interest,Human Interest,Trouw,by_outlet,25.0,10,40
climate,2022,human_interest,Human Interest,Trouw,by_outlet,37.5,18,48
climate,2023,human_interest,Human Interest,Trouw,by_outlet,40.4762,17,42
climate,2014,economic,Economic,Trouw,by_outlet,77.7778,7,9
climate,2015,economic,Economic,Trouw,by_outlet,61.1111,11,18
climate,2016,economic,Economic,Trouw,by_outlet,40.0,4,10
climate,2017,economic,Economic,Trouw,by_outlet,61.1111,11,18
climate,2018,economic,Economic,Trouw,by_outlet,63.6364,14,22
climate,2019,economic,Economic,Trouw,by_outlet,34.6154,9,26
climate,2020,economic,Economic,Trouw,by_outlet,52.0,13,25
climate,2021,economic,Economic,Trouw,by_outlet,70.0,28,40
climate,2022,economic,Economic,Trouw,by_outlet,62.5,30,48
climate,2023,economic,Economic,Trouw,by_outlet,66.6667,28,42
climate,2014,deservingness,Deservingness,Trouw,by_outlet,0.0,0,9
climate,2015,deservingness,Deservingness,Trouw,by_outlet,22.2222,4,18
climate,2016,deservingness,Deservingness,Trouw,by_outlet,10.0,1,10
climate,2017,deservingness,Deservingness,Trouw,by_outlet,5.5556,1,18
climate,2018,deservingness,Deservingness,Trouw,by_outlet,18.1818,4,22
climate,2019,deservingness,Deservingness,Trouw,by_outlet,15.3846,4,26
climate,2020,deservingness,Deservingness,Trouw,by_outlet,12.0,3,25
climate,2021,deservingness,Deservingness,Trouw,by_outlet,7.5,3,40
climate,2022,deservingness,Deservingness,Trouw,by_outlet,16.6667,8,48
climate,2023,deservingness,Deservingness,Trouw,by_outlet,21.4286,9,42
climate,2014,responsibility,Responsibility,Trouw,by_outlet,77.7778,7,9
climate,2015,responsibility,Responsibility,Trouw,by_outlet,94.4444,17,18
climate,2016,responsibility,Responsibility,Trouw,by_outlet,100.0,10,10
climate,2017,responsibility,Responsibility,Trouw,by_outlet,94.4444,17,18
climate,2018,responsibility,Responsibility,Trouw,by_outlet,77.2727,17,22
climate,2019,responsibility,Responsibility,Trouw,by_outlet,84.6154,22,26
climate,2020,responsibility,Responsibility,Trouw,by_outlet,92.0,23,25
climate,2021,responsibility,Responsibility,Trouw,by_outlet,97.5,39,40
climate,2022,responsibility,Responsibility,Trouw,by_outlet,97.9167,47,48
climate,2023,responsibility,Responsibility,Trouw,by_outlet,97.619,41,42
climate,2014,scientific,Scientific,Trouw,by_outlet,88.8889,8,9
climate,2015,scientific,Scientific,Trouw,by_outlet,61.1111,11,18
climate,2016,scientific,Scientific,Trouw,by_outlet,50.0,5,10
climate,2017,scientific,Scientific,Trouw,by_outlet,77.7778,14,18
climate,2018,scientific,Scientific,Trouw,by_outlet,72.7273,16,22
climate,2019,scientific,Scientific,Trouw,by_outlet,57.6923,15,26
climate,2020,scientific,Scientific,Trouw,by_outlet,72.0,18,25
climate,2021,scientific,Scientific,Trouw,by_outlet,47.5,19,40
climate,2022,scientific,Scientific,Trouw,by_outlet,56.25,27,48
climate,2023,scientific,Scientific,Trouw,by_outlet,50.0,21,42
climate,2014,crisis,Crisis,Trouw,by_outlet,22.2222,2,9
climate,2015,crisis,Crisis,Trouw,by_outlet,44.4444,8,18
climate,2016,crisis,Crisis,Trouw,by_outlet,60.0,6,10
climate,2017,crisis,Crisis,Trouw,by_outlet,61.1111,11,18
climate,2018,crisis,Crisis,Trouw,by_outlet,63.6364,14,22
climate,2019,crisis,Crisis,Trouw,by_outlet,76.9231,20,26
climate,2020,crisis,Crisis,Trouw,by_outlet,68.0,17,25
climate,2021,crisis,Crisis,Trouw,by_outlet,70.0,28,40
climate,2022,crisis,Crisis,Trouw,by_outlet,70.8333,34,48
climate,2023,crisis,Crisis,Trouw,by_outlet,78.5714,33,42
climate,2014,solutions,Solutions,Trouw,by_outlet,77.7778,7,9
climate,2015,solutions,Solutions,Trouw,by_outlet,88.8889,16,18
climate,2016,solutions,Solutions,Trouw,by_outlet,80.0,8,10
climate,2017,solutions,Solutions,Trouw,by_outlet,77.7778,14,18
climate,2018,solutions,Solutions,Trouw,by_outlet,81.8182,18,22
climate,2019,solutions,Solutions,Trouw,by_outlet,61.5385,16,26
climate,2020,solutions,Solutions,Trouw,by_outlet,84.0,21,25
climate,2021,solutions,Solutions,Trouw,by_outlet,90.0,36,40
climate,2022,solutions,Solutions,Trouw,by_outlet,79.1667,38,48
climate,2023,solutions,Solutions,Trouw,by_outlet,85.7143,36,42
climate,2014,victim,Victim,Trouw,by_outlet,22.2222,2,9
climate,2015,victim,Victim,Trouw,by_outlet,16.6667,3,18
climate,2016,victim,Victim,Trouw,by_outlet,40.0,4,10
climate,2017,victim,Victim,Trouw,by_outlet,22.2222,4,18
climate,2018,victim,Victim,Trouw,by_outlet,36.3636,8,22
climate,2019,victim,Victim,Trouw,by_outlet,23.0769,6,26
climate,2020,victim,Victim,Trouw,by_outlet,24.0,6,25
climate,2021,victim,Victim,Trouw,by_outlet,30.0,12,40
climate,2022,victim,Victim,Trouw,by_outlet,35.4167,17,48
climate,2023,victim,Victim,Trouw,by_outlet,33.3333,14,42
climate,2014,skepticism,Skepticism,Trouw,by_outlet,22.2222,2,9
climate,2015,skepticism,Skepticism,Trouw,by_outlet,44.4444,8,18
climate,2016,skepticism,Skepticism,Trouw,by_outlet,10.0,1,10
climate,2017,skepticism,Skepticism,Trouw,by_outlet,22.2222,4,18
climate,2018,skepticism,Skepticism,Trouw,by_outlet,36.3636,8,22
climate,2019,skepticism,Skepticism,Trouw,by_outlet,26.9231,7,26
climate,2020,skepticism,Skepticism,Trouw,by_outlet,16.0,4,25
climate,2021,skepticism,Skepticism,Trouw,by_outlet,25.0,10,40
climate,2022,skepticism,Skepticism,Trouw,by_outlet,12.5,6,48
climate,2023,skepticism,Skepticism,Trouw,by_outlet,19.0476,8,42
climate,2014,securitization,Securitization,Trouw,by_outlet,55.5556,5,9
climate,2015,securitization,Securitization,Trouw,by_outlet,61.1111,11,18
climate,2016,securitization,Securitization,Trouw,by_outlet,50.0,5,10
climate,2017,securitization,Securitization,Trouw,by_outlet,44.4444,8,18
climate,2018,securitization,Securitization,Trouw,by_outlet,63.6364,14,22
climate,2019,securitization,Securitization,Trouw,by_outlet,57.6923,15,26
climate,2020,securitization,Securitization,Trouw,by_outlet,48.0,12,25
climate,2021,securitization,Securitization,Trouw,by_outlet,55.0,22,40
climate,2022,securitization,Securitization,Trouw,by_outlet,47.9167,23,48
climate,2023,securitization,Securitization,Trouw,by_outlet,57.1429,24,42
climate,2014,othering,Othering,Trouw,by_outlet,22.2222,2,9
climate,2015,othering,Othering,Trouw,by_outlet,16.6667,3,18
climate,2016,othering,Othering,Trouw,by_outlet,10.0,1,10
climate,2017,othering,Othering,Trouw,by_outlet,0.0,0,18
climate,2018,othering,Othering,Trouw,by_outlet,0.0,0,22
climate,2019,othering,Othering,Trouw,by_outlet,15.3846,4,26
climate,2020,othering,Othering,Trouw,by_outlet,0.0,0,25
climate,2021,othering,Othering,Trouw,by_outlet,7.5,3,40
climate,2022,othering,Othering,Trouw,by_outlet,16.6667,8,48
climate,2023,othering,Othering,Trouw,by_outlet,11.9048,5,42
climate,2014,agency,Agency,Trouw,by_outlet,100.0,9,9
climate,2015,agency,Agency,Trouw,by_outlet,100.0,18,18
climate,2016,agency,Agency,Trouw,by_outlet,100.0,10,10
climate,2017,agency,Agency,Trouw,by_outlet,100.0,18,18
climate,2018,agency,Agency,Trouw,by_outlet,100.0,22,22
climate,2019,agency,Agency,Trouw,by_outlet,96.1538,25,26
climate,2020,agency,Agency,Trouw,by_outlet,100.0,25,25
climate,2021,agency,Agency,Trouw,by_outlet,97.5,39,40
climate,2022,agency,Agency,Trouw,by_outlet,97.9167,47,48
climate,2023,agency,Agency,Trouw,by_outlet,100.0,42,42
climate,2014,conflict,Conflict,Volkskrant,by_outlet,90.0,9,10
climate,2015,conflict,Conflict,Volkskrant,by_outlet,70.0,7,10
climate,2016,conflict,Conflict,Volkskrant,by_outlet,77.7778,7,9
climate,2017,conflict,Conflict,Volkskrant,by_outlet,69.2308,9,13
climate,2018,conflict,Conflict,Volkskrant,by_outlet,80.0,12,15
climate,2019,conflict,Conflict,Volkskrant,by_outlet,90.0,18,20
climate,2020,conflict,Conflict,Volkskrant,by_outlet,77.7778,14,18
climate,2021,conflict,Conflict,Volkskrant,by_outlet,61.5385,24,39
climate,2022,conflict,Conflict,Volkskrant,by_outlet,70.0,21,30
climate,2023,conflict,Conflict,Volkskrant,by_outlet,77.1429,27,35
climate,2014,human_interest,Human Interest,Volkskrant,by_outlet,10.0,1,10
climate,2015,human_interest,Human Interest,Volkskrant,by_outlet,20.0,2,10
climate,2016,human_interest,Human Interest,Volkskrant,by_outlet,22.2222,2,9
climate,2017,human_interest,Human Interest,Volkskrant,by_outlet,38.4615,5,13
climate,2018,human_interest,Human Interest,Volkskrant,by_outlet,53.3333,8,15
climate,2019,human_interest,Human Interest,Volkskrant,by_outlet,45.0,9,20
climate,2020,human_interest,Human Interest,Volkskrant,by_outlet,33.3333,6,18
climate,2021,human_interest,Human Interest,Volkskrant,by_outlet,46.1538,18,39
climate,2022,human_interest,Human Interest,Volkskrant,by_outlet,36.6667,11,30
climate,2023,human_interest,Human Interest,Volkskrant,by_outlet,42.8571,15,35
climate,2014,economic,Economic,Volkskrant,by_outlet,60.0,6,10
climate,2015,economic,Economic,Volkskrant,by_outlet,70.0,7,10
climate,2016,economic,Economic,Volkskrant,by_outlet,44.4444,4,9
climate,2017,economic,Economic,Volkskrant,by_outlet,46.1538,6,13
climate,2018,economic,Economic,Volkskrant,by_outlet,73.3333,11,15
climate,2019,economic,Economic,Volkskrant,by_outlet,70.0,14,20
climate,2020,economic,Economic,Volkskrant,by_outlet,72.2222,13,18
climate,2021,economic,Economic,Volkskrant,by_outlet,53.8462,21,39
climate,2022,economic,Economic,Volkskrant,by_outlet,60.0,18,30
climate,2023,economic,Economic,Volkskrant,by_outlet,42.8571,15,35
climate,2014,deservingness,Deservingness,Volkskrant,by_outlet,20.0,2,10
climate,2015,deservingness,Deservingness,Volkskrant,by_outlet,10.0,1,10
climate,2016,deservingness,Deservingness,Volkskrant,by_outlet,0.0,0,9
climate,2017,deservingness,Deservingness,Volkskrant,by_outlet,0.0,0,13
climate,2018,deservingness,Deservingness,Volkskrant,by_outlet,26.6667,4,15
climate,2019,deservingness,Deservingness,Volkskrant,by_outlet,20.0,4,20
climate,2020,deservingness,Deservingness,Volkskrant,by_outlet,5.5556,1,18
climate,2021,deservingness,Deservingness,Volkskrant,by_outlet,12.8205,5,39
climate,2022,deservingness,Deservingness,Volkskrant,by_outlet,26.6667,8,30
climate,2023,deservingness,Deservingness,Volkskrant,by_outlet,20.0,7,35
climate,2014,responsibility,Responsibility,Volkskrant,by_outlet,70.0,7,10
climate,2015,responsibility,Responsibility,Volkskrant,by_outlet,90.0,9,10
climate,2016,responsibility,Responsibility,Volkskrant,by_outlet,55.5556,5,9
climate,2017,responsibility,Responsibility,Volkskrant,by_outlet,76.9231,10,13
climate,2018,responsibility,Responsibility,Volkskrant,by_outlet,80.0,12,15
climate,2019,responsibility,Responsibility,Volkskrant,by_outlet,90.0,18,20
climate,2020,responsibility,Responsibility,Volkskrant,by_outlet,88.8889,16,18
climate,2021,responsibility,Responsibility,Volkskrant,by_outlet,79.4872,31,39
climate,2022,responsibility,Responsibility,Volkskrant,by_outlet,80.0,24,30
climate,2023,responsibility,Responsibility,Volkskrant,by_outlet,88.5714,31,35
climate,2014,scientific,Scientific,Volkskrant,by_outlet,60.0,6,10
climate,2015,scientific,Scientific,Volkskrant,by_outlet,80.0,8,10
climate,2016,scientific,Scientific,Volkskrant,by_outlet,55.5556,5,9
climate,2017,scientific,Scientific,Volkskrant,by_outlet,84.6154,11,13
climate,2018,scientific,Scientific,Volkskrant,by_outlet,73.3333,11,15
climate,2019,scientific,Scientific,Volkskrant,by_outlet,60.0,12,20
climate,2020,scientific,Scientific,Volkskrant,by_outlet,66.6667,12,18
climate,2021,scientific,Scientific,Volkskrant,by_outlet,51.2821,20,39
climate,2022,scientific,Scientific,Volkskrant,by_outlet,63.3333,19,30
climate,2023,scientific,Scientific,Volkskrant,by_outlet,57.1429,20,35
climate,2014,crisis,Crisis,Volkskrant,by_outlet,70.0,7,10
climate,2015,crisis,Crisis,Volkskrant,by_outlet,40.0,4,10
climate,2016,crisis,Crisis,Volkskrant,by_outlet,66.6667,6,9
climate,2017,crisis,Crisis,Volkskrant,by_outlet,61.5385,8,13
climate,2018,crisis,Crisis,Volkskrant,by_outlet,73.3333,11,15
climate,2019,crisis,Crisis,Volkskrant,by_outlet,55.0,11,20
climate,2020,crisis,Crisis,Volkskrant,by_outlet,72.2222,13,18
climate,2021,crisis,Crisis,Volkskrant,by_outlet,58.9744,23,39
climate,2022,crisis,Crisis,Volkskrant,by_outlet,66.6667,20,30
climate,2023,crisis,Crisis,Volkskrant,by_outlet,74.2857,26,35
climate,2014,solutions,Solutions,Volkskrant,by_outlet,40.0,4,10
climate,2015,solutions,Solutions,Volkskrant,by_outlet,80.0,8,10
climate,2016,solutions,Solutions,Volkskrant,by_outlet,66.6667,6,9
climate,2017,solutions,Solutions,Volkskrant,by_outlet,38.4615,5,13
climate,2018,solutions,Solutions,Volkskrant,by_outlet,73.3333,11,15
climate,2019,solutions,Solutions,Volkskrant,by_outlet,75.0,15,20
climate,2020,solutions,Solutions,Volkskrant,by_outlet,77.7778,14,18
climate,2021,solutions,Solutions,Volkskrant,by_outlet,69.2308,27,39
climate,2022,solutions,Solutions,Volkskrant,by_outlet,63.3333,19,30
climate,2023,solutions,Solutions,Volkskrant,by_outlet,68.5714,24,35
climate,2014,victim,Victim,Volkskrant,by_outlet,30.0,3,10
climate,2015,victim,Victim,Volkskrant,by_outlet,50.0,5,10
climate,2016,victim,Victim,Volkskrant,by_outlet,11.1111,1,9
climate,2017,victim,Victim,Volkskrant,by_outlet,30.7692,4,13
climate,2018,victim,Victim,Volkskrant,by_outlet,46.6667,7,15
climate,2019,victim,Victim,Volkskrant,by_outlet,35.0,7,20
climate,2020,victim,Victim,Volkskrant,by_outlet,22.2222,4,18
climate,2021,victim,Victim,Volkskrant,by_outlet,30.7692,12,39
climate,2022,victim,Victim,Volkskrant,by_outlet,36.6667,11,30
climate,2023,victim,Victim,Volkskrant,by_outlet,40.0,14,35
climate,2014,skepticism,Skepticism,Volkskrant,by_outlet,40.0,4,10
climate,2015,skepticism,Skepticism,Volkskrant,by_outlet,40.0,4,10
climate,2016,skepticism,Skepticism,Volkskrant,by_outlet,22.2222,2,9
climate,2017,skepticism,Skepticism,Volkskrant,by_outlet,53.8462,7,13
climate,2018,skepticism,Skepticism,Volkskrant,by_outlet,13.3333,2,15
climate,2019,skepticism,Skepticism,Volkskrant,by_outlet,40.0,8,20
climate,2020,skepticism,Skepticism,Volkskrant,by_outlet,16.6667,3,18
climate,2021,skepticism,Skepticism,Volkskrant,by_outlet,30.7692,12,39
climate,2022,skepticism,Skepticism,Volkskrant,by_outlet,10.0,3,30
climate,2023,skepticism,Skepticism,Volkskrant,by_outlet,17.1429,6,35
climate,2014,securitization,Securitization,Volkskrant,by_outlet,50.0,5,10
climate,2015,securitization,Securitization,Volkskrant,by_outlet,50.0,5,10
climate,2016,securitization,Securitization,Volkskrant,by_outlet,66.6667,6,9
climate,2017,securitization,Securitization,Volkskrant,by_outlet,69.2308,9,13
climate,2018,securitization,Securitization,Volkskrant,by_outlet,60.0,9,15
climate,2019,securitization,Securitization,Volkskrant,by_outlet,55.0,11,20
climate,2020,securitization,Securitization,Volkskrant,by_outlet,44.4444,8,18
climate,2021,securitization,Securitization,Volkskrant,by_outlet,56.4103,22,39
climate,2022,securitization,Securitization,Volkskrant,by_outlet,63.3333,19,30
climate,2023,securitization,Securitization,Volkskrant,by_outlet,48.5714,17,35
climate,2014,othering,Othering,Volkskrant,by_outlet,20.0,2,10
climate,2015,othering,Othering,Volkskrant,by_outlet,10.0,1,10
climate,2016,othering,Othering,Volkskrant,by_outlet,0.0,0,9
climate,2017,othering,Othering,Volkskrant,by_outlet,15.3846,2,13
climate,2018,othering,Othering,Volkskrant,by_outlet,13.3333,2,15
climate,2019,othering,Othering,Volkskrant,by_outlet,20.0,4,20
climate,2020,othering,Othering,Volkskrant,by_outlet,5.5556,1,18
climate,2021,othering,Othering,Volkskrant,by_outlet,10.2564,4,39
climate,2022,othering,Othering,Volkskrant,by_outlet,16.6667,5,30
climate,2023,othering,Othering,Volkskrant,by_outlet,20.0,7,35
climate,2014,agency,Agency,Volkskrant,by_outlet,100.0,10,10
climate,2015,agency,Agency,Volkskrant,by_outlet,90.0,9,10
climate,2016,agency,Agency,Volkskrant,by_outlet,77.7778,7,9
climate,2017,agency,Agency,Volkskrant,by_outlet,100.0,13,13
climate,2018,agency,Agency,Volkskrant,by_outlet,93.3333,14,15
climate,2019,agency,Agency,Volkskrant,by_outlet,95.0,19,20
climate,2020,agency,Agency,Volkskrant,by_outlet,100.0,18,18
climate,2021,agency,Agency,Volkskrant,by_outlet,97.4359,38,39
climate,2022,agency,Agency,Volkskrant,by_outlet,96.6667,29,30
climate,2023,agency,Agency,Volkskrant,by_outlet,100.0,35,35
migration,2014,conflict,Conflict,,all_outlets,85.5556,77,90
migration,2015,conflict,Conflict,,all_outlets,84.4961,218,258
migration,2016,conflict,Conflict,,all_outlets,81.8565,194,237
migration,2017,conflict,Conflict,,all_outlets,89.726,131,146
migration,2018,conflict,Conflict,,all_outlets,88.1657,149,169
migration,2019,conflict,Conflict,,all_outlets,83.6449,179,214
migration,2020,conflict,Conflict,,all_outlets,81.57,239,293
migration,2021,conflict,Conflict,,all_outlets,80.7829,227,281
migration,2022,conflict,Conflict,,all_outlets,67.8914,425,626
migration,2023,conflict,Conflict,,all_outlets,76.0542,505,664
migration,2014,human_interest,Human Interest,,all_outlets,40.0,36,90
migration,2015,human_interest,Human Interest,,all_outlets,39.9225,103,258
migration,2016,human_interest,Human Interest,,all_outlets,37.1308,88,237
migration,2017,human_interest,Human Interest,,all_outlets,43.1507,63,146
migration,2018,human_interest,Human Interest,,all_outlets,46.1538,78,169
migration,2019,human_interest,Human Interest,,all_outlets,46.2617,99,214
migration,2020,human_interest,Human Interest,,all_outlets,50.8532,149,293
migration,2021,human_interest,Human Interest,,all_outlets,51.6014,145,281
migration,2022,human_interest,Human Interest,,all_outlets,53.8339,337,626
migration,2023,human_interest,Human Interest,,all_outlets,31.1747,207,664
migration,2014,economic,Economic,,all_outlets,41.1111,37,90
migration,2015,economic,Economic,,all_outlets,37.5969,97,258
migration,2016,economic,Economic,,all_outlets,36.2869,86,237
migration,2017,economic,Economic,,all_outlets,39.726,58,146
migration,2018,economic,Economic,,all_outlets,36.6864,62,169
migration,2019,economic,Economic,,all_outlets,34.5794,74,214
migration,2020,economic,Economic,,all_outlets,32.4232,95,293
migration,2021,economic,Economic,,all_outlets,27.4021,77,281
migration,2022,economic,Economic,,all_outlets,33.0671,207,626
migration,2023,economic,Economic,,all_outlets,30.1205,200,664
migration,2014,deservingness,Deservingness,,all_outlets,58.8889,53,90
migration,2015,deservingness,Deservingness,,all_outlets,54.2636,140,258
migration,2016,deservingness,Deservingness,,all_outlets,53.5865,127,237
migration,2017,deservingness,Deservingness,,all_outlets,65.7534,96,146
migration,2018,deservingness,Deservingness,,all_outlets,56.213,95,169
migration,2019,deservingness,Deservingness,,all_outlets,50.9346,109,214
migration,2020,deservingness,Deservingness,,all_outlets,56.6553,166,293
migration,2021,deservingness,Deservingness,,all_outlets,59.7865,168,281
migration,2022,deservingness,Deservingness,,all_outlets,57.8275,362,626
migration,2023,deservingness,Deservingness,,all_outlets,41.8675,278,664
migration,2014,responsibility,Responsibility,,all_outlets,76.6667,69,90
migration,2015,responsibility,Responsibility,,all_outlets,82.9457,214,258
migration,2016,responsibility,Responsibility,,all_outlets,84.3882,200,237
migration,2017,responsibility,Responsibility,,all_outlets,78.7671,115,146
migration,2018,responsibility,Responsibility,,all_outlets,79.2899,134,169
migration,2019,responsibility,Responsibility,,all_outlets,80.8411,173,214
migration,2020,responsibility,Responsibility,,all_outlets,85.3242,250,293
migration,2021,responsibility,Responsibility,,all_outlets,85.7651,241,281
migration,2022,responsibility,Responsibility,,all_outlets,80.8307,506,626
migration,2023,responsibility,Responsibility,,all_outlets,79.8193,530,664
migration,2014,humanitarian,Humanitarian,,all_outlets,42.2222,38,90
migration,2015,humanitarian,Humanitarian,,all_outlets,49.6124,128,258
migration,2016,humanitarian,Humanitarian,,all_outlets,39.2405,93,237
migration,2017,humanitarian,Humanitarian,,all_outlets,46.5753,68,146
migration,2018,humanitarian,Humanitarian,,all_outlets,45.5621,77,169
migration,2019,humanitarian,Humanitarian,,all_outlets,42.0561,90,214
migration,2020,humanitarian,Humanitarian,,all_outlets,55.6314,163,293
migration,2021,humanitarian,Humanitarian,,all_outlets,62.2776,175,281
migration,2022,humanitarian,Humanitarian,,all_outlets,63.5783,398,626
migration,2023,humanitarian,Humanitarian,,all_outlets,38.8554,258,664
migration,2014,security,Security,,all_outlets,55.5556,50,90
migration,2015,security,Security,,all_outlets,51.1628,132,258
migration,2016,security,Security,,all_outlets,48.9451,116,237
migration,2017,security,Security,,all_outlets,57.5342,84,146
migration,2018,security,Security,,all_outlets,51.4793,87,169
migration,2019,security,Security,,all_outlets,49.0654,105,214
migration,2020,security,Security,,all_outlets,36.5188,107,293
migration,2021,security,Security,,all_outlets,33.8078,95,281
migration,2022,security,Security,,all_outlets,27.6358,173,626
migration,2023,security,Security,,all_outlets,31.1747,207,664
migration,2014,policy,Policy,,all_outlets,81.1111,73,90
migration,2015,policy,Policy,,all_outlets,88.3721,228,258
migration,2016,policy,Policy,,all_outlets,89.8734,213,237
migration,2017,policy,Policy,,all_outlets,84.2466,123,146
migration,2018,policy,Policy,,all_outlets,88.1657,149,169
migration,2019,policy,Policy,,all_outlets,85.514,183,214
migration,2020,policy,Policy,,all_outlets,91.1263,267,293
migration,2021,policy,Policy,,all_outlets,86.8327,244,281
migration,2022,policy,Policy,,all_outlets,83.2268,521,626
migration,2023,policy,Policy,,all_outlets,90.8133,603,664
migration,2014,securitization,Securitization,,all_outlets,17.7778,16,90
migration,2015,securitization,Securitization,,all_outlets,33.3333,86,258
migration,2016,securitization,Securitization,,all_outlets,25.7384,61,237
migration,2017,securitization,Securitization,,all_outlets,23.2877,34,146
migration,2018,securitization,Securitization,,all_outlets,21.8935,37,169
migration,2019,securitization,Securitization,,all_outlets,22.4299,48,214
migration,2020,securitization,Securitization,,all_outlets,17.0648,50,293
migration,2021,securitization,Securitization,,all_outlets,27.758,78,281
migration,2022,securitization,Securitization,,all_outlets,19.4888,122,626
migration,2023,securitization,Securitization,,all_outlets,13.1024,87,664
migration,2014,othering,Othering,,all_outlets,68.8889,62,90
migration,2015,othering,Othering,,all_outlets,58.5271,151,258
migration,2016,othering,Othering,,all_outlets,61.6034,146,237
migration,2017,othering,Othering,,all_outlets,71.9178,105,146
migration,2018,othering,Othering,,all_outlets,74.5562,126,169
migration,2019,othering,Othering,,all_outlets,61.215,131,214
migration,2020,othering,Othering,,all_outlets,53.9249,158,293
migration,2021,othering,Othering,,all_outlets,48.0427,135,281
migration,2022,othering,Othering,,all_outlets,42.492,266,626
migration,2023,othering,Othering,,all_outlets,49.247,327,664
migration,2014,agency,Agency,,all_outlets,100.0,90,90
migration,2015,agency,Agency,,all_outlets,98.4496,254,258
migration,2016,agency,Agency,,all_outlets,97.8903,232,237
migration,2017,agency,Agency,,all_outlets,97.9452,143,146
migration,2018,agency,Agency,,all_outlets,97.6331,165,169
migration,2019,agency,Agency,,all_outlets,98.1308,210,214
migration,2020,agency,Agency,,all_outlets,100.0,293,293
migration,2021,agency,Agency,,all_outlets,98.9324,278,281
migration,2022,agency,Agency,,all_outlets,99.361,622,626
migration,2023,agency,Agency,,all_outlets,96.5361,641,664
migration,2014,conflict,Conflict,AD,by_outlet,90.4762,19,21
migration,2015,conflict,Conflict,AD,by_outlet,82.2581,51,62
migration,2016,conflict,Conflict,AD,by_outlet,73.3333,44,60
migration,2017,conflict,Conflict,AD,by_outlet,96.7742,30,31
migration,2018,conflict,Conflict,AD,by_outlet,67.8571,19,28
migration,2019,conflict,Conflict,AD,by_outlet,74.7126,65,87
migration,2020,conflict,Conflict,AD,by_outlet,76.6667,92,120
migration,2021,conflict,Conflict,AD,by_outlet,69.2913,88,127
migration,2022,conflict,Conflict,AD,by_outlet,55.9603,169,302
migration,2023,conflict,Conflict,AD,by_outlet,66.313,250,377
migration,2014,human_interest,Human Interest,AD,by_outlet,33.3333,7,21
migration,2015,human_interest,Human Interest,AD,by_outlet,41.9355,26,62
migration,2016,human_interest,Human Interest,AD,by_outlet,38.3333,23,60
migration,2017,human_interest,Human Interest,AD,by_outlet,29.0323,9,31
migration,2018,human_interest,Human Interest,AD,by_outlet,60.7143,17,28
migration,2019,human_interest,Human Interest,AD,by_outlet,50.5747,44,87
migration,2020,human_interest,Human Interest,AD,by_outlet,54.1667,65,120
migration,2021,human_interest,Human Interest,AD,by_outlet,52.7559,67,127
migration,2022,human_interest,Human Interest,AD,by_outlet,61.2583,185,302
migration,2023,human_interest,Human Interest,AD,by_outlet,24.4032,92,377
migration,2014,economic,Economic,AD,by_outlet,38.0952,8,21
migration,2015,economic,Economic,AD,by_outlet,33.871,21,62
migration,2016,economic,Economic,AD,by_outlet,21.6667,13,60
migration,2017,economic,Economic,AD,by_outlet,38.7097,12,31
migration,2018,economic,Economic,AD,by_outlet,28.5714,8,28
migration,2019,economic,Economic,AD,by_outlet,33.3333,29,87
migration,2020,economic,Economic,AD,by_outlet,23.3333,28,120
migration,2021,economic,Economic,AD,by_outlet,25.1969,32,127
migration,2022,economic,Economic,AD,by_outlet,27.4834,83,302
migration,2023,economic,Economic,AD,by_outlet,23.8727,90,377
migration,2014,deservingness,Deservingness,AD,by_outlet,42.8571,9,21
migration,2015,deservingness,Deservingness,AD,by_outlet,53.2258,33,62
migration,2016,deservingness,Deservingness,AD,by_outlet,61.6667,37,60
migration,2017,deservingness,Deservingness,AD,by_outlet,70.9677,22,31
migration,2018,deservingness,Deservingness,AD,by_outlet,60.7143,17,28
migration,2019,deservingness,Deservingness,AD,by_outlet,49.4253,43,87
migration,2020,deservingness,Deservingness,AD,by_outlet,52.5,63,120
migration,2021,deservingness,Deservingness,AD,by_outlet,61.4173,78,127
migration,2022,deservingness,Deservingness,AD,by_outlet,53.9735,163,302
migration,2023,deservingness,Deservingness,AD,by_outlet,32.8912,124,377
migration,2014,responsibility,Responsibility,AD,by_outlet,76.1905,16,21
migration,2015,responsibility,Responsibility,AD,by_outlet,85.4839,53,62
migration,2016,responsibility,Responsibility,AD,by_outlet,81.6667,49,60
migration,2017,responsibility,Responsibility,AD,by_outlet,74.1935,23,31
migration,2018,responsibility,Responsibility,AD,by_outlet,75.0,21,28
migration,2019,responsibility,Responsibility,AD,by_outlet,77.0115,67,87
migration,2020,responsibility,Responsibility,AD,by_outlet,85.0,102,120
migration,2021,responsibility,Responsibility,AD,by_outlet,80.315,102,127
migration,2022,responsibility,Responsibility,AD,by_outlet,78.8079,238,302
migration,2023,responsibility,Responsibility,AD,by_outlet,75.3316,284,377
migration,2014,humanitarian,Humanitarian,AD,by_outlet,33.3333,7,21
migration,2015,humanitarian,Humanitarian,AD,by_outlet,46.7742,29,62
migration,2016,humanitarian,Humanitarian,AD,by_outlet,35.0,21,60
migration,2017,humanitarian,Humanitarian,AD,by_outlet,48.3871,15,31
migration,2018,humanitarian,Humanitarian,AD,by_outlet,64.2857,18,28
migration,2019,humanitarian,Humanitarian,AD,by_outlet,50.5747,44,87
migration,2020,humanitarian,Humanitarian,AD,by_outlet,54.1667,65,120
migration,2021,humanitarian,Humanitarian,AD,by_outlet,58.2677,74,127
migration,2022,humanitarian,Humanitarian,AD,by_outlet,63.245,191,302
migration,2023,humanitarian,Humanitarian,AD,by_outlet,28.9125,109,377
migration,2014,security,Security,AD,by_outlet,52.381,11,21
migration,2015,security,Security,AD,by_outlet,58.0645,36,62
migration,2016,security,Security,AD,by_outlet,45.0,27,60
migration,2017,security,Security,AD,by_outlet,61.2903,19,31
migration,2018,security,Security,AD,by_outlet,42.8571,12,28
migration,2019,security,Security,AD,by_outlet,37.931,33,87
migration,2020,security,Security,AD,by_outlet,35.0,42,120
migration,2021,security,Security,AD,by_outlet,22.8346,29,127
migration,2022,security,Security,AD,by_outlet,18.2119,55,302
migration,2023,security,Security,AD,by_outlet,20.1592,76,377
migration,2014,policy,Policy,AD,by_outlet,80.9524,17,21
migration,2015,policy,Policy,AD,by_outlet,90.3226,56,62
migration,2016,policy,Policy,AD,by_outlet,83.3333,50,60
migration,2017,policy,Policy,AD,by_outlet,83.871,26,31
migration,2018,policy,Policy,AD,by_outlet,82.1429,23,28
migration,2019,policy,Policy,AD,by_outlet,82.7586,72,87
migration,2020,policy,Policy,AD,by_outlet,89.1667,107,120
migration,2021,policy,Policy,AD,by_outlet,82.6772,105,127
migration,2022,policy,Policy,AD,by_outlet,79.8013,241,302
migration,2023,policy,Policy,AD,by_outlet,92.3077,348,377
migration,2014,securitization,Securitization,AD,by_outlet,9.5238,2,21
migration,2015,securitization,Securitization,AD,by_outlet,27.4194,17,62
migration,2016,securitization,Securitization,AD,by_outlet,16.6667,10,60
migration,2017,securitization,Securitization,AD,by_outlet,29.0323,9,31
migration,2018,securitization,Securitization,AD,by_outlet,10.7143,3,28
migration,2019,securitization,Securitization,AD,by_outlet,13.7931,12,87
migration,2020,securitization,Securitization,AD,by_outlet,9.1667,11,120
migration,2021,securitization,Securitization,AD,by_outlet,14.1732,18,127
migration,2022,securitization,Securitization,AD,by_outlet,11.5894,35,302
migration,2023,securitization,Securitization,AD,by_outlet,3.9788,15,377
migration,2014,othering,Othering,AD,by_outlet,80.9524,17,21
migration,2015,othering,Othering,AD,by_outlet,61.2903,38,62
migration,2016,othering,Othering,AD,by_outlet,58.3333,35,60
migration,2017,othering,Othering,AD,by_outlet,77.4194,24,31
migration,2018,othering,Othering,AD,by_outlet,67.8571,19,28
migration,2019,othering,Othering,AD,by_outlet,55.1724,48,87
migration,2020,othering,Othering,AD,by_outlet,50.8333,61,120
migration,2021,othering,Othering,AD,by_outlet,37.0079,47,127
migration,2022,othering,Othering,AD,by_outlet,29.1391,88,302
migration,2023,othering,Othering,AD,by_outlet,35.2785,133,377
migration,2014,agency,Agency,AD,by_outlet,100.0,21,21
migration,2015,agency,Agency,AD,by_outlet,98.3871,61,62
migration,2016,agency,Agency,AD,by_outlet,96.6667,58,60
migration,2017,agency,Agency,AD,by_outlet,93.5484,29,31
migration,2018,agency,Agency,AD,by_outlet,96.4286,27,28
migration,2019,agency,Agency,AD,by_outlet,97.7011,85,87
migration,2020,agency,Agency,AD,by_outlet,100.0,120,120
migration,2021,agency,Agency,AD,by_outlet,100.0,127,127
migration,2022,agency,Agency,AD,by_outlet,99.6689,301,302
migration,2023,agency,Agency,AD,by_outlet,94.695,357,377
migration,2014,conflict,Conflict,FD,by_outlet,66.6667,2,3
migration,2015,conflict,Conflict,FD,by_outlet,77.2727,17,22
migration,2016,conflict,Conflict,FD,by_outlet,82.7586,24,29
migration,2017,conflict,Conflict,FD,by_outlet,84.6154,11,13
migration,2018,conflict,Conflict,FD,by_outlet,100.0,14,14
migration,2019,conflict,Conflict,FD,by_outlet,66.6667,2,3
migration,2020,conflict,Conflict,FD,by_outlet,83.3333,5,6
migration,2021,conflict,Conflict,FD,by_outlet,88.8889,8,9
migration,2022,conflict,Conflict,FD,by_outlet,79.4872,31,39
migration,2023,conflict,Conflict,FD,by_outlet,87.5,21,24
migration,2014,human_interest,Human Interest,FD,by_outlet,0.0,0,3
migration,2015,human_interest,Human Interest,FD,by_outlet,22.7273,5,22
migration,2016,human_interest,Human Interest,FD,by_outlet,13.7931,4,29
migration,2017,human_interest,Human Interest,FD,by_outlet,38.4615,5,13
migration,2018,human_interest,Human Interest,FD,by_outlet,7.1429,1,14
migration,2019,human_interest,Human Interest,FD,by_outlet,33.3333,1,3
migration,2020,human_interest,Human Interest,FD,by_outlet,66.6667,4,6
migration,2021,human_interest,Human Interest,FD,by_outlet,55.5556,5,9
migration,2022,human_interest,Human Interest,FD,by_outlet,30.7692,12,39
migration,2023,human_interest,Human Interest,FD,by_outlet,16.6667,4,24
migration,2014,economic,Economic,FD,by_outlet,100.0,3,3
migration,2015,economic,Economic,FD,by_outlet,54.5455,12,22
migration,2016,economic,Economic,FD,by_outlet,51.7241,15,29
migration,2017,economic,Economic,FD,by_outlet,84.6154,11,13
migration,2018,economic,Economic,FD,by_outlet,50.0,7,14
migration,2019,economic,Economic,FD,by_outlet,100.0,3,3
migration,2020,economic,Economic,FD,by_outlet,66.6667,4,6
migration,2021,economic,Economic,FD,by_outlet,66.6667,6,9
migration,2022,economic,Economic,FD,by_outlet,66.6667,26,39
migration,2023,economic,Economic,FD,by_outlet,70.8333,17,24
migration,2014,deservingness,Deservingness,FD,by_outlet,33.3333,1,3
migration,2015,deservingness,Deservingness,FD,by_outlet,63.6364,14,22
migration,2016,deservingness,Deservingness,FD,by_outlet,34.4828,10,29
migration,2017,deservingness,Deservingness,FD,by_outlet,53.8462,7,13
migration,2018,deservingness,Deservingness,FD,by_outlet,28.5714,4,14
migration,2019,deservingness,Deservingness,FD,by_outlet,0.0,0,3
migration,2020,deservingness,Deservingness,FD,by_outlet,50.0,3,6
migration,2021,deservingness,Deservingness,FD,by_outlet,55.5556,5,9
migration,2022,deservingness,Deservingness,FD,by_outlet,51.2821,20,39
migration,2023,deservingness,Deservingness,FD,by_outlet,41.6667,10,24
migration,2014,responsibility,Responsibility,FD,by_outlet,66.6667,2,3
migration,2015,responsibility,Responsibility,FD,by_outlet,86.3636,19,22
migration,2016,responsibility,Responsibility,FD,by_outlet,79.3103,23,29
migration,2017,responsibility,Responsibility,FD,by_outlet,69.2308,9,13
migration,2018,responsibility,Responsibility,FD,by_outlet,85.7143,12,14
migration,2019,responsibility,Responsibility,FD,by_outlet,66.6667,2,3
migration,2020,responsibility,Responsibility,FD,by_outlet,100.0,6,6
migration,2021,responsibility,Responsibility,FD,by_outlet,100.0,9,9
migration,2022,responsibility,Responsibility,FD,by_outlet,74.359,29,39
migration,2023,responsibility,Responsibility,FD,by_outlet,91.6667,22,24
migration,2014,humanitarian,Humanitarian,FD,by_outlet,0.0,0,3
migration,2015,humanitarian,Humanitarian,FD,by_outlet,36.3636,8,22
migration,2016,humanitarian,Humanitarian,FD,by_outlet,20.6897,6,29
migration,2017,humanitarian,Humanitarian,FD,by_outlet,15.3846,2,13
migration,2018,humanitarian,Humanitarian,FD,by_outlet,21.4286,3,14
migration,2019,humanitarian,Humanitarian,FD,by_outlet,0.0,0,3
migration,2020,humanitarian,Humanitarian,FD,by_outlet,66.6667,4,6
migration,2021,humanitarian,Humanitarian,FD,by_outlet,66.6667,6,9
migration,2022,humanitarian,Humanitarian,FD,by_outlet,61.5385,24,39
migration,2023,humanitarian,Humanitarian,FD,by_outlet,16.6667,4,24
migration,2014,security,Security,FD,by_outlet,66.6667,2,3
migration,2015,security,Security,FD,by_outlet,45.4545,10,22
migration,2016,security,Security,FD,by_outlet,51.7241,15,29
migration,2017,security,Security,FD,by_outlet,84.6154,11,13
migration,2018,security,Security,FD,by_outlet,78.5714,11,14
migration,2019,security,Security,FD,by_outlet,33.3333,1,3
migration,2020,security,Security,FD,by_outlet,0.0,0,6
migration,2021,security,Security,FD,by_outlet,55.5556,5,9
migration,2022,security,Security,FD,by_outlet,41.0256,16,39
migration,2023,security,Security,FD,by_outlet,45.8333,11,24
migration,2014,policy,Policy,FD,by_outlet,100.0,3,3
migration,2015,policy,Policy,FD,by_outlet,90.9091,20,22
migration,2016,policy,Policy,FD,by_outlet,96.5517,28,29
migration,2017,policy,Policy,FD,by_outlet,100.0,13,13
migration,2018,policy,Policy,FD,by_outlet,100.0,14,14
migration,2019,policy,Policy,FD,by_outlet,100.0,3,3
migration,2020,policy,Policy,FD,by_outlet,100.0,6,6
migration,2021,policy,Policy,FD,by_outlet,100.0,9,9
migration,2022,policy,Policy,FD,by_outlet,82.0513,32,39
migration,2023,policy,Policy,FD,by_outlet,100.0,24,24
migration,2014,securitization,Securitization,FD,by_outlet,0.0,0,3
migration,2015,securitization,Securitization,FD,by_outlet,40.9091,9,22
migration,2016,securitization,Securitization,FD,by_outlet,31.0345,9,29
migration,2017,securitization,Securitization,FD,by_outlet,15.3846,2,13
migration,2018,securitization,Securitization,FD,by_outlet,21.4286,3,14
migration,2019,securitization,Securitization,FD,by_outlet,33.3333,1,3
migration,2020,securitization,Securitization,FD,by_outlet,33.3333,2,6
migration,2021,securitization,Securitization,FD,by_outlet,33.3333,3,9
migration,2022,securitization,Securitization,FD,by_outlet,25.641,10,39
migration,2023,securitization,Securitization,FD,by_outlet,20.8333,5,24
migration,2014,othering,Othering,FD,by_outlet,66.6667,2,3
migration,2015,othering,Othering,FD,by_outlet,63.6364,14,22
migration,2016,othering,Othering,FD,by_outlet,51.7241,15,29
migration,2017,othering,Othering,FD,by_outlet,69.2308,9,13
migration,2018,othering,Othering,FD,by_outlet,71.4286,10,14
migration,2019,othering,Othering,FD,by_outlet,66.6667,2,3
migration,2020,othering,Othering,FD,by_outlet,33.3333,2,6
migration,2021,othering,Othering,FD,by_outlet,44.4444,4,9
migration,2022,othering,Othering,FD,by_outlet,56.4103,22,39
migration,2023,othering,Othering,FD,by_outlet,62.5,15,24
migration,2014,agency,Agency,FD,by_outlet,100.0,3,3
migration,2015,agency,Agency,FD,by_outlet,100.0,22,22
migration,2016,agency,Agency,FD,by_outlet,96.5517,28,29
migration,2017,agency,Agency,FD,by_outlet,100.0,13,13
migration,2018,agency,Agency,FD,by_outlet,100.0,14,14
migration,2019,agency,Agency,FD,by_outlet,66.6667,2,3
migration,2020,agency,Agency,FD,by_outlet,100.0,6,6
migration,2021,agency,Agency,FD,by_outlet,100.0,9,9
migration,2022,agency,Agency,FD,by_outlet,100.0,39,39
migration,2023,agency,Agency,FD,by_outlet,95.8333,23,24
migration,2015,conflict,Conflict,NRC,by_outlet,0.0,0,1
migration,2016,conflict,Conflict,NRC,by_outlet,100.0,1,1
migration,2020,conflict,Conflict,NRC,by_outlet,77.2727,17,22
migration,2021,conflict,Conflict,NRC,by_outlet,87.5,14,16
migration,2022,conflict,Conflict,NRC,by_outlet,80.7018,46,57
migration,2023,conflict,Conflict,NRC,by_outlet,90.6667,68,75
migration,2015,human_interest,Human Interest,NRC,by_outlet,100.0,1,1
migration,2016,human_interest,Human Interest,NRC,by_outlet,100.0,1,1
migration,2020,human_interest,Human Interest,NRC,by_outlet,50.0,11,22
migration,2021,human_interest,Human Interest,NRC,by_outlet,25.0,4,16
migration,2022,human_interest,Human Interest,NRC,by_outlet,52.6316,30,57
migration,2023,human_interest,Human Interest,NRC,by_outlet,48.0,36,75
migration,2015,economic,Economic,NRC,by_outlet,0.0,0,1
migration,2016,economic,Economic,NRC,by_outlet,0.0,0,1
migration,2020,economic,Economic,NRC,by_outlet,36.3636,8,22
migration,2021,economic,Economic,NRC,by_outlet,50.0,8,16
migration,2022,economic,Economic,NRC,by_outlet,33.3333,19,57
migration,2023,economic,Economic,NRC,by_outlet,40.0,30,75
migration,2015,deservingness,Deservingness,NRC,by_outlet,0.0,0,1
migration,2016,deservingness,Deservingness,NRC,by_outlet,0.0,0,1
migration,2020,deservingness,Deservingness,NRC,by_outlet,63.6364,14,22
migration,2021,deservingness,Deservingness,NRC,by_outlet,43.75,7,16
migration,2022,deservingness,Deservingness,NRC,by_outlet,64.9123,37,57
migration,2023,deservingness,Deservingness,NRC,by_outlet,50.6667,38,75
migration,2015,responsibility,Responsibility,NRC,by_outlet,100.0,1,1
migration,2016,responsibility,Responsibility,NRC,by_outlet,100.0,1,1
migration,2020,responsibility,Responsibility,NRC,by_outlet,90.9091,20,22
migration,2021,responsibility,Responsibility,NRC,by_outlet,93.75,15,16
migration,2022,responsibility,Responsibility,NRC,by_outlet,84.2105,48,57
migration,2023,responsibility,Responsibility,NRC,by_outlet,81.3333,61,75
migration,2015,humanitarian,Humanitarian,NRC,by_outlet,100.0,1,1
migration,2016,humanitarian,Humanitarian,NRC,by_outlet,100.0,1,1
migration,2020,humanitarian,Humanitarian,NRC,by_outlet,72.7273,16,22
migration,2021,humanitarian,Humanitarian,NRC,by_outlet,56.25,9,16
migration,2022,humanitarian,Humanitarian,NRC,by_outlet,66.6667,38,57
migration,2023,humanitarian,Humanitarian,NRC,by_outlet,64.0,48,75
migration,2015,security,Security,NRC,by_outlet,0.0,0,1
migration,2016,security,Security,NRC,by_outlet,0.0,0,1
migration,2020,security,Security,NRC,by_outlet,22.7273,5,22
migration,2021,security,Security,NRC,by_outlet,56.25,9,16
migration,2022,security,Security,NRC,by_outlet,33.3333,19,57
migration,2023,security,Security,NRC,by_outlet,49.3333,37,75
migration,2015,policy,Policy,NRC,by_outlet,100.0,1,1
migration,2016,policy,Policy,NRC,by_outlet,100.0,1,1
migration,2020,policy,Policy,NRC,by_outlet,100.0,22,22
migration,2021,policy,Policy,NRC,by_outlet,100.0,16,16
migration,2022,policy,Policy,NRC,by_outlet,91.2281,52,57
migration,2023,policy,Policy,NRC,by_outlet,88.0,66,75
migration,2015,securitization,Securitization,NRC,by_outlet,0.0,0,1
migration,2016,securitization,Securitization,NRC,by_outlet,0.0,0,1
migration,2020,securitization,Securitization,NRC,by_outlet,22.7273,5,22
migration,2021,securitization,Securitization,NRC,by_outlet,56.25,9,16
migration,2022,securitization,Securitization,NRC,by_outlet,17.5439,10,57
migration,2023,securitization,Securitization,NRC,by_outlet,33.3333,25,75
migration,2015,othering,Othering,NRC,by_outlet,0.0,0,1
migration,2016,othering,Othering,NRC,by_outlet,100.0,1,1
migration,2020,othering,Othering,NRC,by_outlet,45.4545,10,22
migration,2021,othering,Othering,NRC,by_outlet,62.5,10,16
migration,2022,othering,Othering,NRC,by_outlet,52.6316,30,57
migration,2023,othering,Othering,NRC,by_outlet,64.0,48,75
migration,2015,agency,Agency,NRC,by_outlet,100.0,1,1
migration,2016,agency,Agency,NRC,by_outlet,100.0,1,1
migration,2020,agency,Agency,NRC,by_outlet,100.0,22,22
migration,2021,agency,Agency,NRC,by_outlet,100.0,16,16
migration,2022,agency,Agency,NRC,by_outlet,98.2456,56,57
migration,2023,agency,Agency,NRC,by_outlet,100.0,75,75
migration,2014,conflict,Conflict,Telegraaf,by_outlet,86.6667,26,30
migration,2015,conflict,Conflict,Telegraaf,by_outlet,88.5246,54,61
migration,2016,conflict,Conflict,Telegraaf,by_outlet,88.0597,59,67
migration,2017,conflict,Conflict,Telegraaf,by_outlet,88.3721,38,43
migration,2018,conflict,Conflict,Telegraaf,by_outlet,89.7959,44,49
migration,2019,conflict,Conflict,Telegraaf,by_outlet,85.7143,36,42
migration,2020,conflict,Conflict,Telegraaf,by_outlet,84.6154,33,39
migration,2021,conflict,Conflict,Telegraaf,by_outlet,77.7778,14,18
migration,2022,conflict,Conflict,Telegraaf,by_outlet,76.1364,67,88
migration,2023,conflict,Conflict,Telegraaf,by_outlet,91.5493,65,71
migration,2014,human_interest,Human Interest,Telegraaf,by_outlet,30.0,9,30
migration,2015,human_interest,Human Interest,Telegraaf,by_outlet,42.623,26,61
migration,2016,human_interest,Human Interest,Telegraaf,by_outlet,26.8657,18,67
migration,2017,human_interest,Human Interest,Telegraaf,by_outlet,37.2093,16,43
migration,2018,human_interest,Human Interest,Telegraaf,by_outlet,44.898,22,49
migration,2019,human_interest,Human Interest,Telegraaf,by_outlet,28.5714,12,42
migration,2020,human_interest,Human Interest,Telegraaf,by_outlet,20.5128,8,39
migration,2021,human_interest,Human Interest,Telegraaf,by_outlet,33.3333,6,18
migration,2022,human_interest,Human Interest,Telegraaf,by_outlet,35.2273,31,88
migration,2023,human_interest,Human Interest,Telegraaf,by_outlet,32.3944,23,71
migration,2014,economic,Economic,Telegraaf,by_outlet,43.3333,13,30
migration,2015,economic,Economic,Telegraaf,by_outlet,40.9836,25,61
migration,2016,economic,Economic,Telegraaf,by_outlet,44.7761,30,67
migration,2017,economic,Economic,Telegraaf,by_outlet,39.5349,17,43
migration,2018,economic,Economic,Telegraaf,by_outlet,32.6531,16,49
migration,2019,economic,Economic,Telegraaf,by_outlet,26.1905,11,42
migration,2020,economic,Economic,Telegraaf,by_outlet,33.3333,13,39
migration,2021,economic,Economic,Telegraaf,by_outlet,11.1111,2,18
migration,2022,economic,Economic,Telegraaf,by_outlet,37.5,33,88
migration,2023,economic,Economic,Telegraaf,by_outlet,35.2113,25,71
migration,2014,deservingness,Deservingness,Telegraaf,by_outlet,63.3333,19,30
migration,2015,deservingness,Deservingness,Telegraaf,by_outlet,60.6557,37,61
migration,2016,deservingness,Deservingness,Telegraaf,by_outlet,49.2537,33,67
migration,2017,deservingness,Deservingness,Telegraaf,by_outlet,53.4884,23,43
migration,2018,deservingness,Deservingness,Telegraaf,by_outlet,57.1429,28,49
migration,2019,deservingness,Deservingness,Telegraaf,by_outlet,64.2857,27,42
migration,2020,deservingness,Deservingness,Telegraaf,by_outlet,51.2821,20,39
migration,2021,deservingness,Deservingness,Telegraaf,by_outlet,50.0,9,18
migration,2022,deservingness,Deservingness,Telegraaf,by_outlet,59.0909,52,88
migration,2023,deservingness,Deservingness,Telegraaf,by_outlet,53.5211,38,71
migration,2014,responsibility,Responsibility,Telegraaf,by_outlet,80.0,24,30
migration,2015,responsibility,Responsibility,Telegraaf,by_outlet,85.2459,52,61
migration,2016,responsibility,Responsibility,Telegraaf,by_outlet,88.0597,59,67
migration,2017,responsibility,Responsibility,Telegraaf,by_outlet,81.3953,35,43
migration,2018,responsibility,Responsibility,Telegraaf,by_outlet,85.7143,42,49
migration,2019,responsibility,Responsibility,Telegraaf,by_outlet,78.5714,33,42
migration,2020,responsibility,Responsibility,Telegraaf,by_outlet,92.3077,36,39
migration,2021,responsibility,Responsibility,Telegraaf,by_outlet,83.3333,15,18
migration,2022,responsibility,Responsibility,Telegraaf,by_outlet,85.2273,75,88
migration,2023,responsibility,Responsibility,Telegraaf,by_outlet,87.3239,62,71
migration,2014,humanitarian,Humanitarian,Telegraaf,by_outlet,30.0,9,30
migration,2015,humanitarian,Humanitarian,Telegraaf,by_outlet,45.9016,28,61
migration,2016,humanitarian,Humanitarian,Telegraaf,by_outlet,28.3582,19,67
migration,2017,humanitarian,Humanitarian,Telegraaf,by_outlet,32.5581,14,43
migration,2018,humanitarian,Humanitarian,Telegraaf,by_outlet,30.6122,15,49
migration,2019,humanitarian,Humanitarian,Telegraaf,by_outlet,14.2857,6,42
migration,2020,humanitarian,Humanitarian,Telegraaf,by_outlet,17.9487,7,39
migration,2021,humanitarian,Humanitarian,Telegraaf,by_outlet,44.4444,8,18
migration,2022,humanitarian,Humanitarian,Telegraaf,by_outlet,47.7273,42,88
migration,2023,humanitarian,Humanitarian,Telegraaf,by_outlet,40.8451,29,71
migration,2014,security,Security,Telegraaf,by_outlet,63.3333,19,30
migration,2015,security,Security,Telegraaf,by_outlet,59.0164,36,61
migration,2016,security,Security,Telegraaf,by_outlet,64.1791,43,67
migration,2017,security,Security,Telegraaf,by_outlet,62.7907,27,43
migration,2018,security,Security,Telegraaf,by_outlet,65.3061,32,49
migration,2019,security,Security,Telegraaf,by_outlet,61.9048,26,42
migration,2020,security,Security,Telegraaf,by_outlet,69.2308,27,39
migration,2021,security,Security,Telegraaf,by_outlet,38.8889,7,18
migration,2022,security,Security,Telegraaf,by_outlet,50.0,44,88
migration,2023,security,Security,Telegraaf,by_outlet,52.1127,37,71
migration,2014,policy,Policy,Telegraaf,by_outlet,76.6667,23,30
migration,2015,policy,Policy,Telegraaf,by_outlet,85.2459,52,61
migration,2016,policy,Policy,Telegraaf,by_outlet,88.0597,59,67
migration,2017,policy,Policy,Telegraaf,by_outlet,79.0698,34,43
migration,2018,policy,Policy,Telegraaf,by_outlet,85.7143,42,49
migration,2019,policy,Policy,Telegraaf,by_outlet,90.4762,38,42
migration,2020,policy,Policy,Telegraaf,by_outlet,94.8718,37,39
migration,2021,policy,Policy,Telegraaf,by_outlet,94.4444,17,18
migration,2022,policy,Policy,Telegraaf,by_outlet,85.2273,75,88
migration,2023,policy,Policy,Telegraaf,by_outlet,81.6901,58,71
migration,2014,securitization,Securitization,Telegraaf,by_outlet,16.6667,5,30
migration,2015,securitization,Securitization,Telegraaf,by_outlet,39.3443,24,61
migration,2016,securitization,Securitization,Telegraaf,by_outlet,35.8209,24,67
migration,2017,securitization,Securitization,Telegraaf,by_outlet,23.2558,10,43
migration,2018,securitization,Securitization,Telegraaf,by_outlet,30.6122,15,49
migration,2019,securitization,Securitization,Telegraaf,by_outlet,26.1905,11,42
migration,2020,securitization,Securitization,Telegraaf,by_outlet,23.0769,9,39
migration,2021,securitization,Securitization,Telegraaf,by_outlet,50.0,9,18
migration,2022,securitization,Securitization,Telegraaf,by_outlet,35.2273,31,88
migration,2023,securitization,Securitization,Telegraaf,by_outlet,28.169,20,71
migration,2014,othering,Othering,Telegraaf,by_outlet,80.0,24,30
migration,2015,othering,Othering,Telegraaf,by_outlet,65.5738,40,61
migration,2016,othering,Othering,Telegraaf,by_outlet,71.6418,48,67
migration,2017,othering,Othering,Telegraaf,by_outlet,79.0698,34,43
migration,2018,othering,Othering,Telegraaf,by_outlet,87.7551,43,49
migration,2019,othering,Othering,Telegraaf,by_outlet,64.2857,27,42
migration,2020,othering,Othering,Telegraaf,by_outlet,69.2308,27,39
migration,2021,othering,Othering,Telegraaf,by_outlet,50.0,9,18
migration,2022,othering,Othering,Telegraaf,by_outlet,56.8182,50,88
migration,2023,othering,Othering,Telegraaf,by_outlet,70.4225,50,71
migration,2014,agency,Agency,Telegraaf,by_outlet,100.0,30,30
migration,2015,agency,Agency,Telegraaf,by_outlet,98.3607,60,61
migration,2016,agency,Agency,Telegraaf,by_outlet,100.0,67,67
migration,2017,agency,Agency,Telegraaf,by_outlet,97.6744,42,43
migration,2018,agency,Agency,Telegraaf,by_outlet,95.9184,47,49
migration,2019,agency,Agency,Telegraaf,by_outlet,97.619,41,42
migration,2020,agency,Agency,Telegraaf,by_outlet,100.0,39,39
migration,2021,agency,Agency,Telegraaf,by_outlet,100.0,18,18
migration,2022,agency,Agency,Telegraaf,by_outlet,98.8636,87,88
migration,2023,agency,Agency,Telegraaf,by_outlet,97.1831,69,71
migration,2014,conflict,Conflict,Trouw,by_outlet,83.3333,30,36
migration,2015,conflict,Conflict,Trouw,by_outlet,86.4865,96,111
migration,2016,conflict,Conflict,Trouw,by_outlet,82.5,66,80
migration,2017,conflict,Conflict,Trouw,by_outlet,88.1356,52,59
migration,2018,conflict,Conflict,Trouw,by_outlet,92.2078,71,77
migration,2019,conflict,Conflict,Trouw,by_outlet,91.3793,53,58
migration,2020,conflict,Conflict,Trouw,by_outlet,91.0714,51,56
migration,2021,conflict,Conflict,Trouw,by_outlet,92.4528,49,53
migration,2022,conflict,Conflict,Trouw,by_outlet,80.0,56,70
migration,2023,conflict,Conflict,Trouw,by_outlet,84.127,53,63
migration,2014,human_interest,Human Interest,Trouw,by_outlet,55.5556,20,36
migration,2015,human_interest,Human Interest,Trouw,by_outlet,39.6396,44,111
migration,2016,human_interest,Human Interest,Trouw,by_outlet,52.5,42,80
migration,2017,human_interest,Human Interest,Trouw,by_outlet,55.9322,33,59
migration,2018,human_interest,Human Interest,Trouw,by_outlet,49.3506,38,77
migration,2019,human_interest,Human Interest,Trouw,by_outlet,58.6207,34,58
migration,2020,human_interest,Human Interest,Trouw,by_outlet,58.9286,33,56
migration,2021,human_interest,Human Interest,Trouw,by_outlet,52.8302,28,53
migration,2022,human_interest,Human Interest,Trouw,by_outlet,57.1429,40,70
migration,2023,human_interest,Human Interest,Trouw,by_outlet,52.381,33,63
migration,2014,economic,Economic,Trouw,by_outlet,36.1111,13,36
migration,2015,economic,Economic,Trouw,by_outlet,35.1351,39,111
migration,2016,economic,Economic,Trouw,by_outlet,35.0,28,80
migration,2017,economic,Economic,Trouw,by_outlet,30.5085,18,59
migration,2018,economic,Economic,Trouw,by_outlet,40.2597,31,77
migration,2019,economic,Economic,Trouw,by_outlet,31.0345,18,58
migration,2020,economic,Economic,Trouw,by_outlet,35.7143,20,56
migration,2021,economic,Economic,Trouw,by_outlet,24.5283,13,53
migration,2022,economic,Economic,Trouw,by_outlet,27.1429,19,70
migration,2023,economic,Economic,Trouw,by_outlet,28.5714,18,63
migration,2014,deservingness,Deservingness,Trouw,by_outlet,66.6667,24,36
migration,2015,deservingness,Deservingness,Trouw,by_outlet,49.5495,55,111
migration,2016,deservingness,Deservingness,Trouw,by_outlet,58.75,47,80
migration,2017,deservingness,Deservingness,Trouw,by_outlet,74.5763,44,59
migration,2018,deservingness,Deservingness,Trouw,by_outlet,58.4416,45,77
migration,2019,deservingness,Deservingness,Trouw,by_outlet,50.0,29,58
migration,2020,deservingness,Deservingness,Trouw,by_outlet,62.5,35,56
migration,2021,deservingness,Deservingness,Trouw,by_outlet,56.6038,30,53
migration,2022,deservingness,Deservingness,Trouw,by_outlet,54.2857,38,70
migration,2023,deservingness,Deservingness,Trouw,by_outlet,63.4921,40,63
migration,2014,responsibility,Responsibility,Trouw,by_outlet,75.0,27,36
migration,2015,responsibility,Responsibility,Trouw,by_outlet,79.2793,88,111
migration,2016,responsibility,Responsibility,Trouw,by_outlet,85.0,68,80
migration,2017,responsibility,Responsibility,Trouw,by_outlet,81.3559,48,59
migration,2018,responsibility,Responsibility,Trouw,by_outlet,75.3247,58,77
migration,2019,responsibility,Responsibility,Trouw,by_outlet,86.2069,50,58
migration,2020,responsibility,Responsibility,Trouw,by_outlet,82.1429,46,56
migration,2021,responsibility,Responsibility,Trouw,by_outlet,88.6792,47,53
migration,2022,responsibility,Responsibility,Trouw,by_outlet,80.0,56,70
migration,2023,responsibility,Responsibility,Trouw,by_outlet,80.9524,51,63
migration,2014,humanitarian,Humanitarian,Trouw,by_outlet,61.1111,22,36
migration,2015,humanitarian,Humanitarian,Trouw,by_outlet,54.955,61,111
migration,2016,humanitarian,Humanitarian,Trouw,by_outlet,57.5,46,80
migration,2017,humanitarian,Humanitarian,Trouw,by_outlet,62.7119,37,59
migration,2018,humanitarian,Humanitarian,Trouw,by_outlet,51.9481,40,77
migration,2019,humanitarian,Humanitarian,Trouw,by_outlet,55.1724,32,58
migration,2020,humanitarian,Humanitarian,Trouw,by_outlet,67.8571,38,56
migration,2021,humanitarian,Humanitarian,Trouw,by_outlet,66.0377,35,53
migration,2022,humanitarian,Humanitarian,Trouw,by_outlet,68.5714,48,70
migration,2023,humanitarian,Humanitarian,Trouw,by_outlet,66.6667,42,63
migration,2014,security,Security,Trouw,by_outlet,50.0,18,36
migration,2015,security,Security,Trouw,by_outlet,45.045,50,111
migration,2016,security,Security,Trouw,by_outlet,38.75,31,80
migration,2017,security,Security,Trouw,by_outlet,45.7627,27,59
migration,2018,security,Security,Trouw,by_outlet,41.5584,32,77
migration,2019,security,Security,Trouw,by_outlet,53.4483,31,58
migration,2020,security,Security,Trouw,by_outlet,26.7857,15,56
migration,2021,security,Security,Trouw,by_outlet,39.6226,21,53
migration,2022,security,Security,Trouw,by_outlet,31.4286,22,70
migration,2023,security,Security,Trouw,by_outlet,31.746,20,63
migration,2014,policy,Policy,Trouw,by_outlet,83.3333,30,36
migration,2015,policy,Policy,Trouw,by_outlet,88.2883,98,111
migration,2016,policy,Policy,Trouw,by_outlet,93.75,75,80
migration,2017,policy,Policy,Trouw,by_outlet,84.7458,50,59
migration,2018,policy,Policy,Trouw,by_outlet,89.6104,69,77
migration,2019,policy,Policy,Trouw,by_outlet,84.4828,49,58
migration,2020,policy,Policy,Trouw,by_outlet,91.0714,51,56
migration,2021,policy,Policy,Trouw,by_outlet,86.7925,46,53
migration,2022,policy,Policy,Trouw,by_outlet,84.2857,59,70
migration,2023,policy,Policy,Trouw,by_outlet,87.3016,55,63
migration,2014,securitization,Securitization,Trouw,by_outlet,25.0,9,36
migration,2015,securitization,Securitization,Trouw,by_outlet,32.4324,36,111
migration,2016,securitization,Securitization,Trouw,by_outlet,22.5,18,80
migration,2017,securitization,Securitization,Trouw,by_outlet,22.0339,13,59
migration,2018,securitization,Securitization,Trouw,by_outlet,19.4805,15,77
migration,2019,securitization,Securitization,Trouw,by_outlet,31.0345,18,58
migration,2020,securitization,Securitization,Trouw,by_outlet,17.8571,10,56
migration,2021,securitization,Securitization,Trouw,by_outlet,35.8491,19,53
migration,2022,securitization,Securitization,Trouw,by_outlet,32.8571,23,70
migration,2023,securitization,Securitization,Trouw,by_outlet,15.873,10,63
migration,2014,othering,Othering,Trouw,by_outlet,52.7778,19,36
migration,2015,othering,Othering,Trouw,by_outlet,52.2523,58,111
migration,2016,othering,Othering,Trouw,by_outlet,58.75,47,80
migration,2017,othering,Othering,Trouw,by_outlet,64.4068,38,59
migration,2018,othering,Othering,Trouw,by_outlet,68.8312,53,77
migration,2019,othering,Othering,Trouw,by_outlet,63.7931,37,58
migration,2020,othering,Othering,Trouw,by_outlet,46.4286,26,56
migration,2021,othering,Othering,Trouw,by_outlet,64.1509,34,53
migration,2022,othering,Othering,Trouw,by_outlet,48.5714,34,70
migration,2023,othering,Othering,Trouw,by_outlet,61.9048,39,63
migration,2014,agency,Agency,Trouw,by_outlet,100.0,36,36
migration,2015,agency,Agency,Trouw,by_outlet,98.1982,109,111
migration,2016,agency,Agency,Trouw,by_outlet,97.5,78,80
migration,2017,agency,Agency,Trouw,by_outlet,100.0,59,59
migration,2018,agency,Agency,Trouw,by_outlet,98.7013,76,77
migration,2019,agency,Agency,Trouw,by_outlet,100.0,58,58
migration,2020,agency,Agency,Trouw,by_outlet,100.0,56,56
migration,2021,agency,Agency,Trouw,by_outlet,98.1132,52,53
migration,2022,agency,Agency,Trouw,by_outlet,100.0,70,70
migration,2023,agency,Agency,Trouw,by_outlet,100.0,63,63
migration,2015,conflict,Conflict,Volkskrant,by_outlet,0.0,0,1
migration,2018,conflict,Conflict,Volkskrant,by_outlet,100.0,1,1
migration,2019,conflict,Conflict,Volkskrant,by_outlet,95.8333,23,24
migration,2020,conflict,Conflict,Volkskrant,by_outlet,82.0,41,50
migration,2021,conflict,Conflict,Volkskrant,by_outlet,93.1034,54,58
migration,2022,conflict,Conflict,Volkskrant,by_outlet,80.0,56,70
migration,2023,conflict,Conflict,Volkskrant,by_outlet,88.8889,48,54
migration,2015,human_interest,Human Interest,Volkskrant,by_outlet,100.0,1,1
migration,2018,human_interest,Human Interest,Volkskrant,by_outlet,0.0,0,1
migration,2019,human_interest,Human Interest,Volkskrant,by_outlet,33.3333,8,24
migration,2020,human_interest,Human Interest,Volkskrant,by_outlet,56.0,28,50
migration,2021,human_interest,Human Interest,Volkskrant,by_outlet,60.3448,35,58
migration,2022,human_interest,Human Interest,Volkskrant,by_outlet,55.7143,39,70
migration,2023,human_interest,Human Interest,Volkskrant,by_outlet,35.1852,19,54
migration,2015,economic,Economic,Volkskrant,by_outlet,0.0,0,1
migration,2018,economic,Economic,Volkskrant,by_outlet,0.0,0,1
migration,2019,economic,Economic,Volkskrant,by_outlet,54.1667,13,24
migration,2020,economic,Economic,Volkskrant,by_outlet,44.0,22,50
migration,2021,economic,Economic,Volkskrant,by_outlet,27.5862,16,58
migration,2022,economic,Economic,Volkskrant,by_outlet,38.5714,27,70
migration,2023,economic,Economic,Volkskrant,by_outlet,37.037,20,54
migration,2015,deservingness,Deservingness,Volkskrant,by_outlet,100.0,1,1
migration,2018,deservingness,Deservingness,Volkskrant,by_outlet,100.0,1,1
migration,2019,deservingness,Deservingness,Volkskrant,by_outlet,41.6667,10,24
migration,2020,deservingness,Deservingness,Volkskrant,by_outlet,62.0,31,50
migration,2021,deservingness,Deservingness,Volkskrant,by_outlet,67.2414,39,58
migration,2022,deservingness,Deservingness,Volkskrant,by_outlet,74.2857,52,70
migration,2023,deservingness,Deservingness,Volkskrant,by_outlet,51.8519,28,54
migration,2015,responsibility,Responsibility,Volkskrant,by_outlet,100.0,1,1
migration,2018,responsibility,Responsibility,Volkskrant,by_outlet,100.0,1,1
migration,2019,responsibility,Responsibility,Volkskrant,by_outlet,87.5,21,24
migration,2020,responsibility,Responsibility,Volkskrant,by_outlet,80.0,40,50
migration,2021,responsibility,Responsibility,Volkskrant,by_outlet,91.3793,53,58
migration,2022,responsibility,Responsibility,Volkskrant,by_outlet,85.7143,60,70
migration,2023,responsibility,Responsibility,Volkskrant,by_outlet,92.5926,50,54
migration,2015,humanitarian,Humanitarian,Volkskrant,by_outlet,100.0,1,1
migration,2018,humanitarian,Humanitarian,Volkskrant,by_outlet,100.0,1,1
migration,2019,humanitarian,Humanitarian,Volkskrant,by_outlet,33.3333,8,24
migration,2020,humanitarian,Humanitarian,Volkskrant,by_outlet,66.0,33,50
migration,2021,humanitarian,Humanitarian,Volkskrant,by_outlet,74.1379,43,58
migration,2022,humanitarian,Humanitarian,Volkskrant,by_outlet,78.5714,55,70
migration,2023,humanitarian,Humanitarian,Volkskrant,by_outlet,48.1481,26,54
migration,2015,security,Security,Volkskrant,by_outlet,0.0,0,1
migration,2018,security,Security,Volkskrant,by_outlet,0.0,0,1
migration,2019,security,Security,Volkskrant,by_outlet,58.3333,14,24
migration,2020,security,Security,Volkskrant,by_outlet,36.0,18,50
migration,2021,security,Security,Volkskrant,by_outlet,41.3793,24,58
migration,2022,security,Security,Volkskrant,by_outlet,24.2857,17,70
migration,2023,security,Security,Volkskrant,by_outlet,48.1481,26,54
migration,2015,policy,Policy,Volkskrant,by_outlet,100.0,1,1
migration,2018,policy,Policy,Volkskrant,by_outlet,100.0,1,1
migration,2019,policy,Policy,Volkskrant,by_outlet,87.5,21,24
migration,2020,policy,Policy,Volkskrant,by_outlet,88.0,44,50
migration,2021,policy,Policy,Volkskrant,by_outlet,87.931,51,58
migration,2022,policy,Policy,Volkskrant,by_outlet,88.5714,62,70
migration,2023,policy,Policy,Volkskrant,by_outlet,96.2963,52,54
migration,2015,securitization,Securitization,Volkskrant,by_outlet,0.0,0,1
migration,2018,securitization,Securitization,Volkskrant,by_outlet,100.0,1,1
migration,2019,securitization,Securitization,Volkskrant,by_outlet,25.0,6,24
migration,2020,securitization,Securitization,Volkskrant,by_outlet,26.0,13,50
migration,2021,securitization,Securitization,Volkskrant,by_outlet,34.4828,20,58
migration,2022,securitization,Securitization,Volkskrant,by_outlet,18.5714,13,70
migration,2023,securitization,Securitization,Volkskrant,by_outlet,22.2222,12,54
migration,2015,othering,Othering,Volkskrant,by_outlet,100.0,1,1
migration,2018,othering,Othering,Volkskrant,by_outlet,100.0,1,1
migration,2019,othering,Othering,Volkskrant,by_outlet,70.8333,17,24
migration,2020,othering,Othering,Volkskrant,by_outlet,64.0,32,50
migration,2021,othering,Othering,Volkskrant,by_outlet,53.4483,31,58
migration,2022,othering,Othering,Volkskrant,by_outlet,60.0,42,70
migration,2023,othering,Othering,Volkskrant,by_outlet,77.7778,42,54
migration,2015,agency,Agency,Volkskrant,by_outlet,100.0,1,1
migration,2018,agency,Agency,Volkskrant,by_outlet,100.0,1,1
migration,2019,agency,Agency,Volkskrant,by_outlet,100.0,24,24
migration,2020,agency,Agency,Volkskrant,by_outlet,100.0,50,50
migration,2021,agency,Agency,Volkskrant,by_outlet,96.5517,56,58
migration,2022,agency,Agency,Volkskrant,by_outlet,98.5714,69,70
migration,2023,agency,Agency,Volkskrant,by_outlet,100.0,54,54
